Doc. Type1,Author Type2,Organisation3,Code,N/I,Language,Document title,"Size
 (characters)",Year,Remarks,Stat.1
GP,CB,BdF,GP_BdF_2014,N,F,Réponses aux questions fréquemment posées sur le passage au 6ème Manuel de balance des paiements et de la position extérieure globale (BPM6) et sur la disponibilité des données (FAQ),10 600,2014,,
GP,SO,BEA,GP_BEA_2020,N,E,International Transactions Accounts,2 766,2020,,
GP,SO,EuS,GP_EuS_2020,I,E,Balance of payments — Overview,3 219,2020,,
GP,SO,EuS,GP_EuS_2020-02,I,E,Balance of payment statistics - background ,19 301,2020,,
GP,SO,EuS,GP_EuS_2021,I,E,Balance of payments - International transactions (BPM6) (bop_6). Reference Metadata in Euro SDMX Metadata Structure (ESMS),42 365,2020,,
GP,SO,EuS,GP_EuS_2021-01,I,E,Beginners:Balance of payments ,19 721,2021,,
GP,CB,NBB,GP_NBB_2016,N,F,La balance des paiements pour les non-spécialistes,22 000,2016,,
GP,CB,NBB,GP_NBB_2019,N,F,Modifications méthodologiques apportées à la statistique de la balance des paiements,9 207,2019,,
GP,SO,ONS,GP_ONS_2015,N,E,An introduction to the United Kingdom balance of payments,50 538,2015,,
GP,SO,Statec,GP_STATEC_2014,N,F,Présentation de l’unité,13 144,2014,,
GP,SO,Statec,GP_STATEC_2014-2,N,F,BALANCE DES PAIEMENTS,10 355,2014,,
GP,CB,OeNB,GP_OeNB_2020,N,D,Die Zahlungsbilanz,9 052,2020,,
GP,CB,OeNB,GP_OeNB_2020_2,N,D,Zahlungsbilanz – Gesamtübersicht – Global,2 144,2020,,
GP,CB,OeNB,GP_OeNB_2020_3,N,D,Wozu dient die Außenwirtschaftsstatistik?,3 559,2020,,
GP,SO,EuS,GP_EuS_2020_03,I,E,Balance of payments and international investment position manual (BPM6) - Statistics Explained,9 822,2020,,
GP,SO,EuS,GP_EuS_2017,I,E,Globalisation patterns in EU trade and investment,322 810,2017,,
GP,CB,NBB,GP_NBB_2022,N,F,Méthodologie,9 386,2022,,
GP,CB,OeNB,GP_OeNB_2020_LB,N,D,Leistungsbilanz (inkl. Vermögensübertragungen) – Detailübersicht,1 900,2020,,
PP,OT,Acad,PP_Acad_2010,N,E,"Measuring the Location of Production in a World of
intangible Productive Assets, FDI, and Intra-Firm Trade",30 580,2010,Quoted in Measuring GDP in a globalised world (presentation),
PP,CB,BdF,PP_BdF_2014-t4 pp.125-141,N,F,La balance des paiements de la France selon les nouvelles normes internationales : une réponse statistique à la mondialisation de l’économie,41 046,2014,,
PP,SO,BEA,PP_BEA_2010,N,E,A Guide to the U.S. International Transactions Accounts and the U.S. International Investment Position Accounts,79 478,2010,,
PP,SO,BEA,PP_BEA_2011,N,E,Operations of U.S. Multinational Companies in the United States and Abroad,77 242,2011,,
PP,SO,BEA,PP_BEA_2014-1,N,E,Activities of U.S. Multinational Enterprises in 2012,10 176,2014,,
PP,SO,BEA,PP_BEA_2014-2,N,E,Multinational Enterprises and International Technology Transfer,33 466,2014,,
PP,SO,EuS&BEA,PP_BEA-EuS_2019,I,E,Current account asymmetries in EU-US statistics - 2019 edition,91 433,2019,,
PP,CB,BoE,PP_BoE_2002,N,E,Leading indicators of balance-of-payments crises: a partial review,100 520,2002,,
PP,CB,BoE,PP_BoE_2013,N,E,The Balance of Payments,30 637,2013,,
PP,CB,BuBa,PP_BuBa_2012,N,D,Finanzkrise und Zahlungsbilanzentwicklungen in der Europäischen Währungsunion,63 766,2012,,
PP,CB,BuBa,PP_BuBa_2014,N,D,Diskrepanz zwischen der Veränderung des Auslandsvermögens und des kumulierten Saldos der Kapitalbilanz: kein geeigneter Indikator für Vermögensverluste,10 071,2014,,
PP,CB,BuBa,PP_BuBa_2016-03,N,D,Zum Ein?uss des starken Ölpreisrückgangs und der EuroAbwertung auf die Ausweitung des deutschen Leistungsbilanzüberschusses in den Jahren 2014 und 2015,10 222,2016,,
PP,CB,BuBa,PP_BuBa_2018-04-AV,N,D,Das deutsche Auslandsvermögen: neue statistische Konzepte und Ergebnisse seit der Finanzkrise,48 746,2018,,
PP,CB,BuBa,PP_BuBa_2018-12-AV,N,D,Die deutsche Auslandsposition: Höhe, Rentabilität und Risiken der grenzüberschreitenden Vermögenswerte,82 029,2018,,
PP,CB,BuBa,PP_BuBa_2020-03,N,D,Digitale Käufe privater Haushalte in der Zahlungsbilanz,22 190,2020,,
PP,CB,BuBa,PP_BuBa_2020-07,N,D,Der deutsche Leistungsbilanzüberschuss aus der Sicht makroökonomischer Modelle,83 667,2020,,
PP,CB,BuBa,PP_BuBa_2021_03,N,D,"Aktualisierung der internationalen Standards für die
Außenwirtschafts statistiken und die Volkswirtschaftlichen Gesamtrechnungen",13 839,2021,,
PP,CB,BuBa,PP_BuBa_2021_07,N,D,"Grenzüberschreitende Unternehmensübernahmen:
Auswirkungen der Internationalisierung
auf Unternehmen in Deutschland",62 068,2021,,
PP,OT,CMFB,PP_CMFB_2016-o1,I,E,CMFB opinion on re-shaping the connection between business statistics and BOP-IIP via the FRIBS draft Regulation,7 863,2016,,
PP,OT,CMFB,PP_CMFB_2016-o2,I,E,CMFB opinion on the principles for re-shaping the connection between business statistics and BoP/IIP,6 893,2016,,
PP,SO,CSO,PP_CSO_2018,N,E,Meeting the measurement challenges of Globalisation,30 220,2018,,
PP,CB,ECB,PP_ECB_2014,I,E,Euro area balance of payments and international investment position statistics – 2013 quality report,84 227,2014,,
PP,CB,ECB,PP_ECB_2016,I,E,Euro area balance of payments and international investment position statistics 2015 Quality Report,70 727,2016,,
PP,CB,ECB,PP_ECB_2020,I,E,Revisiting the monetary presentation of the euro area balance of payments,79 240,2020,,
PP,SO,EuS,PP_EuS_2015,I,E,Quality report on balance of payments, international trade in services and foreign direct investment,54 915,2015,Glossary removed (identical to the one included in PP_EuS_2017),
PP,SO,EuS,PP_EuS_2017,I,E,Quality report on balance and payments (BOP), international trade in services (ITS) and foreign direct investment statistics (FDI),75 268,2017,Contains a glossary,
PP,SO,EuS,PP_EuS_2017-02,I,E,Consistency between national accounts and balance of payment statistics — an updated view on the non-financial accounts,70 361,2017,,
PP,SO,EuS,PP_EuS_2019,I,E,Quality report on balance and payments (BOP), international trade in services (ITS) and foreign direct investment statistics (FDI) DATA 2018,76 689,2019,,
PP,SO,EuS,PP_EuS_2019-02,I,E,Measuring international trade in services - from BPM5 to BPM6 ,9 145,2019,,
PP,SO,EuS,PP_EuS_2020,I,E,Quality report on balance of payments (BOP), international investment position (IIP), international trade in services (ITS) and foreign direct investment statistics (FDI) - 2019 Data,159 568,2020,,
PP,SO,EuS,PP_EuS_2020-03,I,E,Differences between balance of payments and foreign trade statistics ,15 640,2020,,
PP,SO,EuS,PP_EuS_2020-03,I,E,Differences between balance of payments and foreign trade statistics,15 640,2020,,
PP,SO,EuS,PP_EuS_2020-04,I,E,Remittances according to the BPM6 manual ,14 056,2020,,
PP,SO,EuS,PR_EuS_2021_7,I,E,EU current account surplus €116.5 bn,5 240,2021,,
PP,SO,EuS,PR_EuS_2021_3,I,E,EU current account surplus €72.1 bn,5 260,2022,,
PP,OT,Acad,PP_Obstfeld_2012,N,E,Does the Current Account Still Matter?,75 551,2012,,
PP,CB,OeNB,PP_OeNB_2016,N,D,Direktinvestitionen und ihre Erträge - Ein Konzeptvergleich,6 961,2016,,
PP,CB,OeNB,PP_OeNB_2017,N,D,Multinationale Unternehmen in Österreich - Nutzen einer Konzernbetrachtung von Direktinvestitionen und verwandten außenwirtschaftsstatistischen Daten,27 719,2017,,
PP,CB,OeNB,PP_OeNB_2018,N,D,Österreich auf dem Weg vom Nettoimporteur zum Kapitalgeber - Außenwirtschaftliche Entwicklungen in den letzten 60 Jahren,70 255,2018,,
PP,SO,ONS,PP_ONS_2014,N,E,Impact on the Balance of Payments and International Investment Position as a result of the introduction of new international standards, 1997 to 2013,14 604,2014,,
PP,SO,SCan ,PP_SCan_2014_e,N,E,Balance of Payments trade in goods at Statistics Canada: Expanding geographic detail to 27 principal trading partners,35 196,2014,,
PP,SO,SCan ,PP_SCan_2014_f,N,F,Balance des paiements du commerce des biens à Statistique Canada : Élargir le niveau de détail géographique jusqu'aux 27 principaux partenaires commerciaux,41 665,2014,,135 209
PP,SO,SCan ,PP_SCan_2017_f,N,F,Traitement dans le Système canadien des comptes macroéconomiques des droits appliqués aux importations aux États-Unis de produits de bois d’œuvre résineux canadiens ,6 884,2017,,
PP,SO,SCan ,PP_SCan_2017-2_e,N,E,"Foreign direct investment in Canada by 
ultimate investing country",23 095,2017,,
PP,SO,SCan ,PP_SCan_2017-e,N,E,Treatment of duties applied to imports of Canadian softwood lumber products into the U.S. in the Canadian System of Macroeconomic Accounts,5 781,2017,,
PP,SO,SCan ,PP_SCan_2017-f,N,F,Investissement direct étranger au Canada par pays investisseur ultime,28 471,2017,,
PP,SO,SCan ,PP_SCan_2018-2-e,N,E,Comparing Canada’s and China’s bilateral trade data,47 176,2018,,
PP,SO,SCan ,PP_SCan_2018-2-f,N,F,Comparaison des données sur le commerce bilatéral du Canada et de la Chine,62 729,2018,,
PP,SO,SCan ,PP_SCan_2018-3-e,N,E,Currency composition of Canada’s international investment position,21 878,2018,,
PP,SO,SCan ,PP_SCan_2018-3-f,N,F,Composition en devises du bilan des investissements internationaux du Canada,26 986,2018,,
PP,SO,SCan ,PP_SCan_2018-4-e,N,E,Canada’s external trade classified by Broad Economic Categories,25 900,2018,,
PP,SO,SCan ,PP_SCan_2018-4-f,N,F,Le commerce extérieur du Canada selon la classification par grandes catégories économiques,40 732,2018,,
PP,SO,SCan ,PP_SCan_2018-e,N,E,Canada’s international trade in information and communications technologies (ICT) and ICT-enabled services,10 181,2018,,
PP,SO,SCan ,PP_SCan_2018-f,N,F,Commerce international du Canada en services des technologies de l’information et des communications (TIC) et en services fondés sur les TIC,13 375,2019,,
PP,SO,SCan ,PP_SCan_2019_e,N,E,A preview of the 2019 revision of the Canadian System of Macroeconomic Accounts,21 808,2019,,
PP,SO,SCan ,PP_SCan_2019_e,N,E,Employment at multinational enterprises in Canada,19 099,2019,,
PP,SO,SCan ,PP_SCan_2019_f,N,F,Un aperçu de la révision de 2019 du Système canadien des comptes macroéconomiques,27 020,2019,,
PP,SO,SCan ,PP_SCan_2019-3_f,N,F,L’emploi dans les entreprises multinationales au Canada,24 214,2019,,
PP,SO,SCan ,PP_SCan_2019-2_e,N,E,Enhancing Canada’s statistics on securities,14 041,2019,,
PP,SO,SCan ,PP_SCan_2019-2_f,N,F,Améliorer les statistiques sur les titres financiers du Canada,16 265,2019,,
PP,SO,SCan ,PP_Scan_2020_e,N,E,Satellite Accounting in Canada,61 146,2020,,206 131
PP,SO,SCan ,PP_SCan_2020_f,N,F,Les comptes satellites au Canada,67 351,2020,,
PP,SO,SCan ,PP_SCan_2020-e,N,E,Canada’s services exports through the lens of digital trade,45 547,2020,,
PP,SO,SCan ,PP_SCan_2020-f,N,F,Les exportations de services du Canada sous l’angle du commerce numérique,63 514,2020,,
PP,CB,SNB,PP_SNB_2013_43-55_f,N,F,Importance de la place financière dans la balance des transactions courantes - Adaptation des statistiques…,36 477,2013,Translation,177 127
PP,CB,SNB,PP_SNB_2014,N,D,Epochenwechsel in der Zahlungsbilanzstatistik,12 091,2014,,
PP,CB,SNB,PP_SNB_2015_d,N,D,Der Goldhandel,28 897,2015,,
PP,CB,SNB,PP_SNB_2015_f,N,F,Le négoce de l’or,30 499,2015,Translation,
PP,CB,SNB,PP_SNB_2016_d,N,D,Unterschiedliche Darstellung der Direktinvestitionen,18 540,2016,,
PP,CB,SNB,PP_SNB_2016_f,N,F,Différents principes de présentation des investissements directs,15 747,2016,Translation,
PP,CB,SNB,PP_SNB_2017_d,N,D,Zahlungsbilanz und Auslandvermögen –  zum besseren Verständnis wichtiger Statistiken,29 278,2017,,
PP,CB,SNB,PP_SNB_2017_f,N,F,Balance des paiements et position  extérieure – Quelques éléments pour mieux comprendre  des statistiques importantes,25 373,2017,Translation,
PP,CB,SNB,PP_SNB_2018_d,N,D,Die Portfolioinvestitionen im Auslandvermögen der Schweiz,19 552,2018,,
PP,CB,SNB,PP_SNB_2018_f,N,F,Les investissements de portefeuille dans la position extérieure de la Suisse ,20 737,2018,Translation,
PP,CB,SNB,PP_SNB_2019_d,N,D,Auslandvermögen der Schweiz: Zerlegung der Bestandesänderungen,22 244,2019,,218 447
PP,CB,SNB,PP_SNB_2019_d_2,N,D,Tätigkeiten multinationaler Unternehmen und ihre Abbildung in der Zahlungsbilanz,33 332,2019,,
PP,CB,SNB,PP_SNB_2019_f,N,F,Position extérieure de la Suisse: facteurs expliquant la variation des stocks,23 447,2019,Translation,
PP,CB,SNB,PP_SNB_2019-2_f,N,F,La représentation des activités des entreprises multinationales dans la balance des paiements,37 066,2019,Translation,
PP,CB,SNB,PP_SNB_2020_d,N,D,Zusammenhang zwischen Kapitalbilanz, Auslandvermögen und Finanzierungsrechnung,24 697,2020,,
PP,CB,SNB,PP_SNB_2020_f,N,F,Relations entre le compte financier de la balance des paiements, la position extérieure et les comptes financiers,28 365,2020,Translation,
PP,SO,Statec,PP_STATEC_2014,N,F,Regards sur la révision des comptes nationaux et de la balance des paiements,14 234,2014,,
PP,SO,Statec,PP_STATEC_2015,N,F,Regards sur certains éléments de la balance courante en 2014,12 614,2015,,
PP,SO,Statec,PP_STATEC_2015_2,N,F,Regards sur les échanges internationaux de services financiers,11 238,2015,,
PP,SO,Statec,PP_STATEC_2020,N,F,L’impact des frontaliers dans la balance des paiements en 2019,8 235,2020,,
PP,CB,OeNB,PP_OeNB_2018_2,N,D,Coordinated Direct Investment Survey – Bilaterale Direktinvestitionsbeziehungen weltweit,7 988,2018,,
PP,CB,OeNB,PP_OeNB_2019,N,D,Erste Anzeichen einer Eintrübung in Österreichs Außenwirtschaft,17 310,2019,,
PP,CB,OeNB,PP_OeNB_2019_2,N,D,Bestimmungsfaktoren des grenzüberschreitenden Dienstleistungshandels 2016,16 358,2019,,
PP,CB,OeNB,PP_OeNB_2020,N,D,Erkennbare Auswirkungen der COVID-19-Pandemie auf die Außenwirtschaft im zweiten Quartal 2020,18 949,2020,,
PP,CB,OeNB,PP_OeNB_2020,N,E,Typology of multinationals in Austria: CESEE focus and foreign control as distinct features,43 134,2020,,
PP,CB,OeNB,PP_OeNB_2020_2,N,D,Österreichs Außenwirtschaft im 25. Jahr der Mitgliedschaft in der Europäischen Union,20 843,2020,,
PP,CB,OeNB,PP_OeNB_2020_3,N,D,Methoden, Definitionen und Quellen,27 540,2020,,
PP,SO,EuS,PP_EuS_2022,I,E,Consistency between national accounts and balance of payments statistics,22 502,2022,,
PP,SO,ONS,PP_ONS_2022,N,E,Detailed assessment of changes to balance of payments annual estimates 1997 to 2020,19 501,2022,,
PP,SO,ONS,PP_ONS_2021,N,E,Impact of the coronavirus and EU exit on the collection and compilation of UK trade statistics,16 778,2021,,
PP,SO,ONS,PP_ONS_2022_1,N,E,Impact of trade in goods data collection changes on UK trade statistics 2021 to 2022,11 778,2022,,
PP,SO,ONS,PP_ONS_2022_2,N,E,Proposed changes to be implemented in Blue Book and Pink Book 2022,8 281,2022,,
PP,CB,BCL,PP_BCL_2009,N,F,La position extérieure globale du Luxembourg,35 474,2009,,
PP,OT,CMFB,PP_CMFB_2020_BOP (exc),I,E,GENERAL CONSIDERATIONS ON THE QUALITY OF THE STATISTICS UNDERLYING THE MIP,30 178,2020,Excerpts concerning the BOP,
PP,SO,Statec,PP_STATEC_2022,N,F,"L’impact des frontaliers dans la balance
des paiements en 2020",7 844,2022,,
PP,CB,OeNB,PP_OeNB_2022_1,N,D,Start-ups in Österreich und ihre außenwirtschaftliche Relevanz,27 368,2022,,
PP,CB,OeNB,PP_OeNB_2021_4,N,D,Entwicklung der Außenwirtschaft Österreichs im zweiten Jahr der COVID-19-Pandemie,46 099,2021,,
PP,CB,OeNB,PP_OeNB_2022_2,N,D,Entwicklung der Außenwirtschaft Österreichs im zweiten Jahr der COVID-19-Pandemie,36 935,2022,Same title as PP_OeNB_2021_4 but different content,
PP,CB,OeNB,PP_OeNB_2021_2,N,D,Auswirkungen der COVID-19-Pandemie auf Österreichs Außenwirtschaft 2020,21 253,2021,,
PP,SO,ONS,PP_ONS_2020,N,E,Understanding the UK's net international investment position,29 466,2020,,
PR,SO,BEA,GP_BEA_2020_iti,N,E,International Trade & Investment,7 521,2020,,
PR,SO,EuS,PR_EuS_2020_10,I,E,Second quarter of 2020,5 299,2020,,
PP,CB,SNB,PP_SNB_2023-d,N,D,Transithandel: Ein Gradmesser der Globalisierung,8 377,2023,,
PR,CB,OeNB,PR_OeNB_2014,N,D,Zahlungsbilanz im ersten Halbjahr 2014 - Ergebnisse und inhaltliche Neuerungen,38 362,2014,,
PR,SO,BEA,PP_BEA_2020,N,E,"U.S. International Services - Trade in Services in 2019 and Services Supplied Through Affiliates in 2018
",68 721,2020,,
PR,SO,EuS,PR_EuS_2021_10,I,E,EU current account surplus €108.8 bn,5 230,2020,,
PR,CB,OeNB,PR_OeNB_2014_2,N,D,Dienstleistungserfolge beflügeln Außenwirtschaft,46 993,2014,,
PR,CB,OeNB,PR_OeNB_2015,N,D,Leistungsbilanz im Aufwind - Österreichs Außenwirtschaft im ersten Halbjahr 2015,19 216,2015,,
PR,CB,OeNB,PR_OeNB_2015_2,N,D,Tourismus stabilisiert Österreichs Leistungsbilanz – Zahlungsbilanz 2014,38 385,2015,,
PR,CB,OeNB,PR_OeNB_2016,N,D,Zahlungsbilanz – Entwicklungen im 1. Quartal 2016,5 508,2016,,
PR,CB,OeNB,PR_OeNB_2016_2,N,D,Zahlungsbilanzergebnisse für das Jahr 2015,36 610,2016,,
PR,CB,OeNB,PR_OeNB_2017,N,D,Österreichs Zahlungsbilanz im ersten Halbjahr 2017,19 857,2017,,
PR,CB,OeNB,PR_OeNB_2017_2,N,D,Neues Datenangebot auf der OeNB-Website: Grenzüberschreitende Vermögenseinkommen gegliedert nach Funktion und Finanzierungsinstrument,12 036,2017,,
PR,SO,Statec,PR_STATEC_2016,N,F,Regards sur la balance courante en 2015,12 244,2016,,
PR,SO,Statec,PR_STATEC_2017,N,F,Regards sur la balance courante en 2016,12 989,2017,,
PR,CB,BCL,PR_BCL_2021,N,F,Balance des paiements du Luxembourg sur les trois premiers trimestres de l’année 2020,3 773,2021,,
PR,CB,BCL,PR_BCL_2021_2,N,F,Position extérieure globale au troisième trimestre 2020,3 491,2021,,
PR,CB,BdF,PR_BdF_2014,N,F,La balance des paiements et la position extérieure de la France, Rapport annuel 2013,101 849,2014,,
PR,CB,BdF,PR_BdF_2015,N,F,La balance des paiements et la position extérieure de la France, Rapport annuel 2014,96 830,2015,,
PR,CB,BdF,PR_BdF_2015-01,N,F,La balance des paiements - France - Janvier 2015,3 923,2015,,
PR,CB,BdF,PR_BdF_2015-02,N,F,La balance des paiements - France - Février 2015,3 553,2015,,
PR,CB,BdF,PR_BdF_2015-03,N,F,La balance des paiements - France - Mars 2015,3 748,2015,,
PR,CB,BdF,PR_BdF_2015-04,N,F,La balance des paiements - France - Avril 2015,4 165,2015,,
PR,CB,BdF,PR_BdF_2015-05,N,F,La balance des paiements - France - Mai 2015,3 794,2015,,
PR,CB,BdF,PR_BdF_2015-06,N,F,La balance des paiements - France - Juin 2015,3 090,2015,,
PR,CB,BdF,PR_BdF_2015-07,N,F,La balance des paiements - France - Juillet 2015,3 469,2015,,
PR,CB,BdF,PR_BdF_2015-08,N,F,"La balance des paiements - France - Août 2015
",3 675,2015,,
PR,CB,BdF,PR_BdF_2015-09,N,F,La balance des paiements - France - Septembre 2015,4 108,2015,,
PR,CB,BdF,PR_BdF_2015-10,N,F,La balance des paiements - France - Octobre 2015,3 792,2015,,
PR,CB,BdF,PR_BdF_2015-11,N,F,La balance des paiements - France - Novembre 2015,2 852,2015,,
PR,CB,BdF,PR_BdF_2015-12,N,F,La balance des paiements - France - Décembre 2015,5 554,2015,,
PR,CB,BdF,PR_BdF_2016,N,F,La balance des paiements et la position extérieure de la France, Rapport annuel 2015,91 911,2016,,
PR,CB,BdF,PR_BdF_2016-01,N,F,La balance des paiements - France - Janvier 2016,5 610,2016,,
PR,CB,BdF,PR_BdF_2016-02,N,F,La balance des paiements - France - Février 2016,5 454,2016,,
PR,CB,BdF,PR_BdF_2016-03,N,F,La balance des paiements - France - Mars 2016,3 153,2016,,
PR,CB,BdF,PR_BdF_2016-04,N,F,La balance des paiements - France - Avril 2016,3 061,2016,,
PR,CB,BdF,PR_BdF_2016-05,N,F,La balance des paiements - France - Mai 2016,3 143,2016,,
PR,CB,BdF,PR_BdF_2016-06,N,F,La balance des paiements - France - Juin 2016,3 120,2016,,
PR,CB,BdF,PR_BdF_2016-07,N,F,La balance des paiements - France - Juillet 2016,3 330,2016,,
PR,CB,BdF,PR_BdF_2016-08,N,F,La balance des paiements - France - Août 2016,3 114,2016,,
PR,CB,BdF,PR_BdF_2016-09,N,F,"La balance des paiements - France - Septembre 2016
",2 816,2016,,
PR,CB,BdF,PR_BdF_2016-10,N,F,La balance des paiements - France - Octobre 2016,2 878,2016,,
PR,CB,BdF,PR_BdF_2016-11,N,F,"La balance des paiements - France - Novembre 2016
",3 524,2016,,
PR,CB,BdF,PR_BdF_2016-12,N,F,La balance des paiements - France - Décembre 2016,3 324,2016,,
PR,CB,BdF,PR_BdF_2017,N,F,La balance des paiements et la position extérieure de la France, Rapport annuel 2016,58 718,2017,,
PR,CB,BdF,PR_BdF_2017-01,N,F,La balance des paiements - France - Janvier 2017,3 107,2017,,
PR,CB,BdF,PR_BdF_2017-02,N,F,La balance des paiements - France - Février 2017,3 122,2017,,
PR,CB,BdF,PR_BdF_2017-03,N,F,"La balance des paiements - France - Mars 2017
",3 209,2017,,
PR,CB,BdF,PR_BdF_2017-04,N,F,La balance des paiements - France - Avril 2017,2 950,2017,,
PR,CB,BdF,PR_BdF_2017-05,N,F,La balance des paiements - France - Mai 2017,3 185,2017,,
PR,CB,BdF,PR_BdF_2017-06,N,F,La balance des paiements - France - Juin 2017,2 981,2017,,
PR,CB,BdF,PR_BdF_2017-07,N,F,La balance des paiements - France - Juillet 2017,3 148,2017,,
PR,CB,BdF,PR_BdF_2017-08,N,F,La balance des paiements - France - Août 2017,3 231,2017,,
PR,CB,BdF,PR_BdF_2017-09,N,F,Balance des paiements – France • Septembre et 3ème trimestre 2017,5 020,2017,,
PR,CB,BdF,PR_BdF_2017-10,N,F,Balance des paiements – France • Octobre 2017,4 451,2017,,
PR,CB,BdF,PR_BdF_2017-11,N,F,Balance des paiements – France • Novembre 2017,4 475,2017,,
PR,CB,BdF,PR_BdF_2017-12,N,F,Balance des paiements – France • Décembre et 4ème trimestre 2017,5 866,2017,,
PR,CB,BdF,PR_BdF_2018,N,F,La balance des paiements et la position extérieure de la France, Rapport annuel 2017,44 145,2018,,
PR,CB,BdF,PR_BdF_2018-01,N,F,Balance des paiements – France Janvier 2018,4 505,2018,,
PR,CB,BdF,PR_BdF_2018-02,N,F,Balance des paiements – France • Février 2018,4 539,2018,,
PR,CB,BdF,PR_BdF_2018-03,N,F,Balance des paiements – France • Mars et 1er trimestre 2018,4 881,2018,,
PR,CB,BdF,PR_BdF_2018-04,N,F,Balance des paiements – France • Avril 2018,4 767,2018,,
PR,CB,BdF,PR_BdF_2018-05,N,F,Balance des paiements – France • Mai 2018,4 676,2018,,
PR,CB,BdF,PR_BdF_2018-06,N,F,Balance des paiements – France • Juin et 2ème trimestre 2018,4 834,2018,,
PR,CB,BdF,PR_BdF_2018-07,N,F,Balance des paiements – France • Juillet 2018,4 689,2018,,
PR,CB,BdF,PR_BdF_2018-08,N,F,Balance des paiements – France • Août 2018,4 630,2018,,
PR,CB,BdF,PR_BdF_2018-09,N,F,Balance des paiements – France • Septembre et 3ème trimestre 2018,4 013,2018,,
PR,CB,BdF,PR_BdF_2018-10,N,F,Balance des paiements – France • Octobre 2018,4 219,2018,,
PR,CB,BdF,PR_BdF_2018-11,N,F,Balance des paiements – France • Novembre 2018,4 201,2018,,
PR,CB,BdF,PR_BdF_2018-12,N,F,Balance des paiements – France • Décembre et 4ème trimestre 2018,4 402,2018,,
PR,CB,BdF,PR_BdF_2019,N,F,La balance des paiements et la position extérieure de la France, Rapport annuel 2018,54 452,2019,,
PR,CB,BdF,PR_BdF_2019-01,N,F,Balance des paiements – France • Janvier 2019,4 444,2019,,
PR,CB,BdF,PR_BdF_2019-02,N,F,Balance des paiements – France • Février 2019,4 363,2019,,
PR,CB,BdF,PR_BdF_2019-03,N,F,Balance des paiements – France • Mars et 1er trimestre 2019,4 349,2019,,
PR,CB,BdF,PR_BdF_2019-04,N,F,Balance des paiements – France • Avril 2019,4 507,2019,,
PR,CB,BdF,PR_BdF_2019-05,N,F,Balance des paiements – France • Mai 2019,4 275,2019,,
PR,CB,BdF,PR_BdF_2019-06,N,F,Balance des paiements – France • Juin et 2ème trimestre 2019,4 561,2019,,
PR,CB,BdF,PR_BdF_2019-07,N,F,Balance des paiements – France • Juillet 2019,4 521,2019,,
PR,CB,BdF,PR_BdF_2019-08,N,F,Balance des paiements – France • Août 2019,4 234,2019,,
PR,CB,BdF,PR_BdF_2019-09,N,F,Balance des paiements – France • Septembre et 3ème trimestre 2019,5 101,2019,,
PR,CB,BdF,PR_BdF_2019-10,N,F,Balance des paiements – France • Octobre 2019,4 999,2019,,
PR,CB,BdF,PR_BdF_2019-11,N,F,Balance des paiements – France • Novembre 2019,5 088,2019,,
PR,CB,BdF,PR_BdF_2019-12,N,F,Balance des paiements – France • Décembre et 4ème trimestre 2019,5 950,2019,,
PR,CB,BdF,PR_BdF_2020,N,F,La balance des paiements et la position extérieure de la France, Rapport annuel 2019,86 052,2020,Report containing a glossary,
PR,CB,BdF,PR_BdF_2020-01,N,F,Balance des paiements – France • Janvier 2020,5 001,2020,,
PR,CB,BdF,PR_BdF_2020-02,N,F,Balance des paiements – France • Février 2020,5 292,2020,,
PR,CB,BdF,PR_BdF_2020-03,N,F,Balance des paiements – France • Mars et 1er trimestre 2020,5 342,2020,,
PR,CB,BdF,PR_BdF_2020-04,N,F,Balance des paiements – France • Avril 2020,5 129,2020,,
PR,CB,BdF,PR_BdF_2020-05,N,F,Balance des paiements – France • Mai 2020,6 109,2020,,
PR,CB,BdF,PR_BdF_2020-06,N,F,Balance des paiements – France • Juin et 2ème trimestre 2020,6 801,2020,,
PR,CB,BdF,PR_BdF_2020-07,N,F,Balance des paiements – France • Juillet 2020,5 583,2020,,
PR,CB,BdF,PR_BdF_2020-08,N,F,Balance des paiements – France • Août 2020,5 940,2020,,
PR,CB,BdF,PR_BdF_2020-09,N,F,Balance des paiements – France • Septembre et 3ème trimestre 2020,5 007,2020,,
PR,CB,BdF,PR_BdF_2020-10,N,F,Balance des paiements – France • Octobre 2020,5 079,2020,,
PR,CB,BdF,PR_BdF_2020-11,N,F,Balance des paiements – France • Novembre 2020,5 512,2020,,
PR,CB,BdF,PR_BdF_2020-12,N,F,Balance des paiements – France • Décembre et 4ème trimestre 2020,5 748,2020,,
PR,CB,BdF,PR_BdF_2020-3,N,F,Balance des paiements – France • Septembre et 3ème trimestre 2020,7 334,2020,,
PR,CB,BdF,PR_BdF_2021-01,N,F,Balance des paiements – France • Janvier 2021,4 912,2021,,
PR,CB,BdF,PR_BdF_2021-02,N,F,Balance des paiements – France • Février 2021,5 014,2021,,
PR,SO,BEA,PR_BEA_2014,N,E,BEA releases new guide to international accounts,3 897,2014,,
PR,SO,BEA,PR_BEA_2019-3,N,E,U.S. International Transactions - Third Quarter 2019,7 619,2019,,
PR,SO,BEA,PR_BEA_2019-4,N,E,U.S. International Transactions - Fourth Quarter and Year 2019,12 171,2019,,
PR,SO,BEA,PR_BEA_2020-1,N,E,U.S. International Transactions - First Quarter 2020,8 279,2020,,
PR,SO,BEA,PR_BEA_2020-3,N,E,U.S. International Transactions - Third Quarter 2020,7 735,2020,,
PR,SO,BEA,PR_BEA_bp_2020-2,N,E,U.S. International Transactions, Second Quarter 2020,15 348,2020,,
PR,SO,BEA,PR_BEA_iip_2020-2,N,E,U.S. International Investment Position - Second Quarter 2020,12 704,2020,,
PR,SO,BEA,PR_BEA_iip_2020-2_a,N,E,U.S. International Investment Position - Second Quarter 2020,5 105,2020,,
PR,CB,OeNB,PR_OeNB_2017_3,N,D,Österreichs Zahlungsbilanz 2016,30 141,2017,,
PR,CB,BuBa,PR_BuBa_2015-01,N,D,Zum Leistungsbilanz- und Warenhandelsüberschuss der deutschen Wirtschaft,7 426,2015,,
PR,CB,BuBa,PR_BuBa_2015-03,N,D,Die deutsche Zahlungsbilanz für das Jahr 2014,83 598,2015,,
PR,CB,BuBa,PR_BuBa_2015-03-20,N,D,"Effekte auf den grenzüberschreitenden Vermögenseinkommenssaldo:
Vermögensakkumulation, Portfolioumschichtungen und Renditeveränderungen",22 678,2015,,
PR,CB,BuBa,PR_BuBa_2015-03-20,N,D,Entwicklungen im Waren- und Dienstleistungshandel Deutschlands,23 073,2015,,
PR,CB,BuBa,PR_BuBa_2016-03,N,D,Die deutsche Zahlungsbilanz für das Jahr 2015,70 442,2016,,
PR,CB,BuBa,PR_BuBa_2017-03,N,D,Die deutsche Zahlungsbilanz für das Jahr 2016,62 334,2017,,
PR,CB,BuBa,PR_BuBa_2018-03,N,D,Die deutsche Zahlungsbilanz für das Jahr 2017,72 713,2018,,
PR,CB,BuBa,PR_BuBa_2018-04-DI,N,D,Moderate Ausweitung der Direktinvestitionsbestände im Jahr 2016,5 788,2018,,
PR,CB,BuBa,PR_BuBa_2019-03,N,D,Die deutsche Zahlungsbilanz für das Jahr 2018,87 735,2019,,
PR,CB,BuBa,PR_BuBa_2020-03,N,D,Die deutsche Zahlungsbilanz für das Jahr 2019,82 390,2020,,
PR,CB,BuBa,PR_BuBa_2020-04-DI,N,D,Direktinvestitionsbestände: Verflechtung mit dem Ausland hat 2018 weiter zugenommen,7 313,2020,,
PR,CB,BuBa,PR_BuBa_2020-09-AV,N,D,Das deutsche Auslandsvermögen Ende 2019,9 280,2020,,
PR,CB,BuBa,PR_BuBa_2021_09,N,D,Die deutsche Zahlungsbilanz im Juli 2021 ,4 626,2021,,
PR,CB,BuBa,PR_BuBa_2021_09_AV,N,D,Das deutsche Auslandsvermögen Ende 2020 ,11 758,2021,,
PR,CB,BuBa,PR_BuBa_2021-03,N,D,Die deutsche Zahlungsbilanz für das Jahr 2020,85 438,2021,,
PR,CB,ECB,PR_ECB_2014_2,I,E,Euro area quarterly balance of payments and international investment position (Second quarter of 2014),5 436,2020,,
PR,CB,ECB,PR_ECB_2014_3,I,E,Euro area quarterly balance of payments and international investment position (third quarter of 2014),4 363,2014,,
PR,CB,ECB,PR_ECB_2014_4,I,E,Euro area quarterly balance of payments and international investment position (fourth quarter of 2014),4 275,2014,,
PR,CB,ECB,PR_ECB_2015_1,I,E,Euro area quarterly balance of payments and international investment position (first quarter of 2015),4 640,2015,,
PR,CB,ECB,PR_ECB_2015_2,I,E,Euro area quarterly balance of payments and international investment position (second quarter of 2015),7 734,2015,,
PR,CB,ECB,PR_ECB_2015_3,I,E,Euro area quarterly balance of payments and international investment position (third quarter of 2015),5 435,2015,,
PR,CB,ECB,PR_ECB_2015_4,I,E,Euro area quarterly balance of payments and international investment position (fourth quarter of 2015),8 301,2015,,
PR,CB,ECB,PR_ECB_2016_1,I,E,Euro area quarterly balance of payments and international investment position (first quarter of 2016),5 610,2016,,
PR,CB,ECB,PR_ECB_2016_2,I,E,Euro area quarterly balance of payments and international investment position (second quarter of 2016),8 392,2016,,
PR,CB,ECB,PR_ECB_2016_3,I,E,Euro area quarterly balance of payments and international investment position (third quarter of 2016),5 461,2016,,
PR,CB,ECB,PR_ECB_2016_4,I,E,Euro area quarterly balance of payments and international investment position (fourth quarter of 2016),9 096,2016,,
PR,CB,ECB,PR_ECB_2017_1,I,E,Euro area quarterly balance of payments and international investment position (first quarter of 2017),5 247,2017,,
PR,CB,ECB,PR_ECB_2017_2,I,E,Euro area quarterly balance of payments and international investment position (second quarter of 2017),8 099,2017,,
PR,CB,ECB,PR_ECB_2017_3,I,E,Euro area quarterly balance of payments and international investment position (third quarter of 2017),5 369,2017,,
PR,CB,ECB,PR_ECB_2017_4,I,E,Euro area quarterly balance of payments and international investment position (fourth quarter of 2017),8 033,2017,,
PR,CB,ECB,PR_ECB_2018_1,I,E,Euro area quarterly balance of payments and international investment position (first quarter of 2018),5 699,2018,,
PR,CB,ECB,PR_ECB_2018_2,I,E,Euro area quarterly balance of payments and international investment position: second quarter of 2018,8 328,2018,,
PR,CB,ECB,PR_ECB_2018_3,I,E,Euro area quarterly balance of payments and international investment position: third quarter of 2018,8 442,2018,,
PR,CB,ECB,PR_ECB_2018_4,I,E,Euro area quarterly balance of payments and international investment position: fourth quarter of 2018,10 149,2018,,
PR,CB,ECB,PR_ECB_2019_1,I,E,Euro area quarterly balance of payments and international investment position: first quarter of 2019,8 442,2019,,
PR,CB,ECB,PR_ECB_2019_2,I,E,Euro area quarterly balance of payments and international investment position: second quarter of 2019,8 435,2019,,
PR,CB,ECB,PR_ECB_2019_3,I,E,Euro area quarterly balance of payments and international investment position: third quarter of 2019,8 582,2019,,
PR,CB,ECB,PR_ECB_2019_4,I,E,Euro area quarterly balance of payments and international investment position: fourth quarter of 2019,10 714,2019,,
PR,CB,ECB,PR_ECB_2020_1,I,E,Euro area quarterly balance of payments and international investment position: first quarter of 2020,8 863,2020,,
PR,CB,ECB,PR_ECB_2020_2,I,E,Euro area quarterly balance of payments and international investment position: second quarter of 2020,9 156,2020,,
PR,CB,ECB,PR_ECB_2020_3,I,E,Euro area quarterly balance of payments and international investment position: third quarter of 2020,8 423,2020,,
PR,CB,ECB,PR_ECB_2021_1,I,E,Euro area quarterly balance of payments and international investment position: first quarter of 2021,8 516,2021,,
PR,CB,ECB,PR_ECB_2021_2,I,E,Euro area quarterly balance of payments and international investment position: second quarter of 2021,8 874,2021,,
PR,CB,ECB,PR_ECB_2021_3,I,E,Euro area quarterly balance of payments and international investment position: third quarter of 2021,8 972,2021,,
PR,CB,ECB,PR_ECB_2021_4,I,E,Euro area quarterly balance of payments and international investment position: fourth quarter of 2021,11 491,2021,,
PR,CB,ECB,PR_ECB_2022_1,I,E,Euro area quarterly balance of payments and international investment position: first quarter of 2022,11 068,2022,,
PR,CB,ECB,PR_ECB_2022_2,I,E,Euro area quarterly balance of payments and international investment position: second quarter of 2022,11 435,2022,,
PR,CB,ECB,PR_ECB_2020_4,I,E,Euro area quarterly balance of payments and international investment position: fourth quarter of 2020,10 818,2022,,
PR,SO,EuS,PR_EuS_2022-01,I,E,Balance of payments statistics - quarterly data (Q4/2021),6 244,2022,,
PR,CB,BuBa,PR_BuBa_2021-03-DI,N,D,Direktinvestitionsbestände im Jahr 2019 erneut gestiegen ,7 412,2021,,
PR,CB,OeNB,PR_OeNB_2018,N,D,Österreichs Außenbeitrag erstmals höher als vor der Finanzkrise,17 714,2018,,
PR,SO,ONS,PR_ONS_2014_3,N,E,Balance of Payments, UK: Quarter 3 (July to Sept) 2014,40 064,2014,,
PR,SO,ONS,PR_ONS_2014_4,N,E,Balance of Payments, UK: Quarter 4 (Oct to Dec) and annual 2014,41 480,2014,,
PR,SO,ONS,PR_ONS_2015_PB,N,E,United Kingdom Balance of Payments: The Pink Book, 2015,95 647,2015,,
PR,SO,ONS,PR_ONS_2015_1,N,E,"Balance of Payments, UK: Quarter 1 (Jan to
Mar) 2015",43 083,2015,,
PR,SO,ONS,PR_ONS_2015_2,N,E,Balance of Payments, UK: Quarter 2 (Apr to June) 2015,48 848,2015,,
PR,SO,ONS,PR_ONS_2015_3,N,E,Balance of Payments, UK: Quarter 3 (July to Sept) 2015,52 761,2015,,
PR,SO,ONS,PR_ONS_2015_4,N,E,Balance of Payments, UK: Quarter 4 (Oct to Dec) and annual 2015,43 160,2015,,
PR,SO,ONS,PR_ONS_2016_1,N,E,Balance of Payments, UK: Quarter 1 (Jan to Mar) 2016,40 434,2016,,
PR,SO,ONS,PR_ONS_2016_2,N,E,Balance of Payments, UK: Quarter 2 (Apr to June) 2016,42 047,2016,,
PR,SO,ONS,PR_ONS_2016_3,N,E,Balance of Payments, UK: Quarter 3 (July to Sept) 2016,49 522,2016,,
PR,SO,ONS,PR_ONS_2016_4,N,E,Balance of Payments, UK: Quarter 4 (Oct to Dec) and annual 2016,22 988,2016,,
PR,SO,ONS,PR_ONS_2016_PB,N,E,UK Balance of Payments, The Pink Book: 2016,38 781,2016,,
PR,SO,ONS,PR_ONS_2017_1,N,E,Balance of payments, UK: Quarter 1 (Jan to Mar) 2017,17 285,2017,,
PR,SO,ONS,PR_ONS_2017_2,N,E,Balance of payments, UK: Quarter 2 (Apr to June) 2017,14 572,2017,,
PR,SO,ONS,PR_ONS_2017_3,N,E,Balance of payments, UK: Quarter 3 (July to Sept) 2017,17 134,2017,,
PR,SO,ONS,PR_ONS_2017_4,N,E,Balance of payments, UK: Quarter 4 (Oct to Dec) 2017,16 552,2017,,
PR,SO,ONS,PR_ONS_2017_PB,N,E,UK Balance of Payments, The Pink Book: 2017,29 434,2017,,
PR,SO,ONS,PR_ONS_2018_1,N,E,Balance of payments, UK: January to March 2018,18 238,2018,,
PR,SO,ONS,PR_ONS_2018_2,N,E,Balance of payments, UK: April to June 2018,17 053,2018,,
PR,SO,ONS,PR_ONS_2018_3,N,E,Balance of payments, UK: July to September 2018,20 737,2018,,
PR,SO,ONS,PR_ONS_2018_4,N,E,Balance of payments, UK: October to December 2018,20 902,2018,,
PR,SO,ONS,PR_ONS_2018_PB,N,E,UK Balance of Payments, The Pink Book: 2018,30 642,2018,,
PR,SO,ONS,PR_ONS_2019_1,N,E,Balance of payments, UK: January to March 2019,20 539,2019,,
PR,SO,ONS,PR_ONS_2019_2,N,E,Balance of payments, UK: April to June 2019,20 166,2019,,
PR,SO,ONS,PR_ONS_2019_3,N,E,Balance of payments, UK: July to September 2019,20 462,2019,,
PR,SO,ONS,PR_ONS_2019_4,N,E,Balance of payments, UK: October to December 2019,22 957,2019,,
PR,SO,ONS,PR_ONS_2019_PB,N,E,UK Balance of Payments, The Pink Book: 2019,32 870,2019,,
PR,SO,ONS,PR_ONS_2020_1,N,E,Balance of payments, UK: January to March 2020,27 550,2020,,
PR,SO,ONS,PR_ONS_2020_2,N,E,Balance of payments, UK: April to June 2020,25 709,2020,,
PR,SO,ONS,PR_ONS_2020_3,N,E,Balance of payments, UK: July to September 2020,14 063,2020,,
PR,SO,ONS,PR_ONS_2020_4,N,E,Balance of payments, UK: October to December 2020,22 029,2020,,
PR,SO,ONS,PR_ONS_2020_PB,N,E,UK Balance of Payments, The Pink Book: 2020,34 478,2020,,
PR,SO,SCan ,PR_SCan_2015-1_e,N,E,Canada's balance of international payments, first quarter 2015,9 555,2015,,
PR,SO,SCan ,PR_SCan_2015-1_f,N,F,Balance des paiements internationaux du Canada, premier trimestre de 2015,12 989,2015,,
PR,SO,SCan ,PR_SCan_2015-1_IIP_e,N,E,Canada's international investment position, first quarter 2015,7 000,2015,,
PR,SO,SCan ,PR_SCan_2015-1_IIP_f,N,F,Bilan des investissements internationaux du Canada, premier trimestre de 2015,8 837,2015,,
PR,SO,SCan ,PR_SCan_2015-2_e,N,E,Canada's balance of international payments, second quarter 2015,9 812,2015,,
PR,SO,SCan ,PR_SCan_2015-2_f,N,F,Balance des paiements internationaux du Canada, deuxième trimestre de 2015,12 964,2015,,
PR,SO,SCan ,PR_SCan_2015-2_IIP_e,N,E,Canada's international investment position, second quarter 2015,7 755,2015,,
PR,SO,SCan ,PR_SCan_2015-2_IIP_f,N,F,Bilan des investissements internationaux du Canada, deuxième trimestre de 2015,9 971,2015,,
PR,SO,SCan ,PR_SCan_2015-3_e,N,E,Canada's balance of international payments, third quarter 2015,9 967,2015,,
PR,SO,SCan ,PR_SCan_2015-3_f,N,F,Balance des paiements internationaux du Canada, troisième trimestre de 2015,13 673,2015,,
PR,SO,SCan ,PR_SCan_2015-3_IIP_e,N,E,Canada's international investment position, third quarter 2015,7 592,2015,,
PR,SO,SCan ,PR_SCan_2015-3_IIP_f,N,F,Bilan des investissements internationaux du Canada, troisième trimestre de 2015,9 630,2015,,
PR,SO,SCan ,PR_SCan_2015-4_e,N,E,Canada's balance of international payments, fourth quarter 2015,9 927,2015,,
PR,SO,SCan ,PR_SCan_2015-4_f,N,F,Balance des paiements internationaux du Canada, quatrième trimestre de 2015,13 342,2015,,
PR,SO,SCan ,PR_SCan_2015-4_IIP_e,N,E,Canada's international investment position, fourth quarter 2015,6 890,2015,,
PR,SO,SCan ,PR_SCan_2015-4_IIP_f,N,F,Bilan des investissements internationaux du Canada, quatrième trimestre de 2015,8 768,2015,,
PR,SO,SCan ,PR_SCan_2016-1_e,N,E,Canada's balance of international payments, first quarter 2016,9 089,2016,,
PR,SO,SCan ,PR_SCan_2016-1_f,N,F,Balance des paiements internationaux du Canada, premier trimestre de 2016,12 283,2016,,
PR,SO,SCan ,PR_SCan_2016-1_IIP_e,N,E,Canada's international investment position, first quarter 2016,5 954,2016,,
PR,SO,SCan ,PR_SCan_2016-1_IIP_f,N,F,Bilan des investissements internationaux du Canada, premier trimestre de 2016,7 394,2016,,
PR,SO,SCan ,PR_SCan_2016-2_e,N,E,Canada's balance of international payments, second quarter 2016,9 024,2016,,
PR,SO,SCan ,PR_SCan_2016-2_f,N,F,Balance des paiements internationaux du Canada, deuxième trimestre de 2016,12 089,2016,,
PR,SO,SCan ,PR_SCan_2016-2_IIP_e,N,E,Canada's international investment position, second quarter 2016,6 149,2016,,
PR,SO,SCan ,PR_SCan_2016-2_IIP_f,N,F,Bilan des investissements internationaux du Canada, deuxième trimestre de 2016,7 060,2016,,
PR,SO,SCan ,PR_SCan_2016-3_e,N,E,Canada's balance of international payments, third quarter 2016,8 934,2016,,
PR,SO,SCan ,PR_SCan_2016-3_f,N,F,Balance des paiements internationaux du Canada, troisième trimestre de 2016,12 589,2016,,
PR,SO,SCan ,PR_SCan_2016-3_IIP_e,N,E,Canada's international investment position, third quarter 2016,5 965,2016,,
PR,SO,SCan ,PR_SCan_2016-3_IIP_f,N,F,Bilan des investissements internationaux du Canada, troisième trimestre de 2016,7 367,2016,,
PR,SO,SCan ,PR_SCan_2016-4_e,N,E,Canada's balance of international payments, fourth quarter 2016,9 840,2016,,
PR,SO,SCan ,PR_SCan_2016-4_f,N,F,Balance des paiements internationaux du Canada, quatrième trimestre de 2016,13 111,2016,,
PR,SO,SCan ,PR_SCan_2016-4_IIP_e,N,E,Canada's international investment position, fourth quarter 2016,6 226,2016,,
PR,SO,SCan ,PR_SCan_2016-4_IIP_f,N,F,Bilan des investissements internationaux du Canada, quatrième trimestre de 2016,7 626,2016,,
PR,SO,SCan ,PR_SCan_2017-1_e,N,E,Canada's balance of international payments, first quarter 2017,9 334,2017,,
PR,SO,SCan ,PR_SCan_2017-1_f,N,F,Balance des paiements internationaux du Canada, premier trimestre de 2017,12 223,2017,,
PR,SO,SCan ,PR_SCan_2017-1_IIP_e,N,E,Canada's international investment position, first quarter 2017,6 722,2017,,
PR,SO,SCan ,PR_SCan_2017-1_IIP_f,N,F,Bilan des investissements internationaux du Canada, premier trimestre de 2017,8 185,2017,,
PR,SO,SCan ,PR_SCan_2017-2_e,N,E,Canada's balance of international payments, second quarter 2017,10 170,2017,,
PR,SO,SCan ,PR_SCan_2017-2_f,N,F,Balance des paiements internationaux du Canada, deuxième trimestre de 2017,13 092,2017,,
PR,SO,SCan ,PR_SCan_2017-2_IIP_e,N,E,Canada's international investment position, second quarter 2017,7 465,2017,,
PR,SO,SCan ,PR_SCan_2017-2_IIP_f,N,F,Bilan des investissements internationaux du Canada, deuxième trimestre de 2017,8 934,2017,,
PR,SO,SCan ,PR_SCan_2017-3_e,N,E,Canada's balance of international payments, third quarter 2017,10 502,2017,,
PR,SO,SCan ,PR_SCan_2017-3_f,N,F,Balance des paiements internationaux du Canada, troisième trimestre de 2017,13 734,2017,,
PR,SO,SCan ,PR_SCan_2017-3_IIP_e,N,E,Canada's international investment position, third quarter 2017,9 368,2017,,
PR,SO,SCan ,PR_SCan_2017-3_IIP_f,N,F,Bilan des investissements internationaux du Canada, troisième trimestre de 2017,11 988,2017,,
PR,SO,SCan ,PR_SCan_2017-4_e,N,E,Canada's balance of international payments, fourth quarter 2017,10 515,2017,,
PR,SO,SCan ,PR_SCan_2017-4_f,N,F,Balance des paiements internationaux du Canada, quatrième trimestre de 2017,14 048,2017,,
PR,SO,SCan ,PR_SCan_2017-4_IIP_e,N,E,Canada's international investment position, fourth quarter 2017,7 808,2017,,
PR,SO,SCan ,PR_SCan_2017-4_IIP_f,N,F,Bilan des investissements internationaux du Canada, quatrième trimestre de 2017,9 604,2017,,
PR,SO,SCan ,PR_SCan_2018-1_e,N,E,Canada's balance of international payments, first quarter 2018,9 724,2018,,
PR,SO,SCan ,PR_SCan_2018-1_f,N,F,Balance des paiements internationaux du Canada, premier trimestre de 2018,12 733,2018,,
PR,SO,SCan ,PR_SCan_2018-1_IIP_e,N,E,Canada's international investment position, first quarter 2018,6 970,2018,,
PR,SO,SCan ,PR_SCan_2018-1_IIP_f,N,F,Bilan des investissements internationaux du Canada, premier trimestre de 2018,9 265,2018,,
PR,SO,SCan ,PR_SCan_2018-2_e,N,E,Canada's balance of international payments, second quarter 2018,10 296,2018,,
PR,SO,SCan ,PR_SCan_2018-2_f,N,F,Balance des paiements internationaux du Canada, deuxième trimestre de 2018,13 439,2018,,
PR,SO,SCan ,PR_SCan_2018-2_IIP_e,N,E,Canada's international investment position, second quarter 2018,7 357,2018,,
PR,SO,SCan ,PR_SCan_2018-2_IIP_f,N,F,Bilan des investissements internationaux du Canada, deuxième trimestre de 2018,9 859,2018,,
PR,SO,SCan ,PR_SCan_2018-3_e,N,E,Canada's balance of international payments, third quarter 2018,10 441,2018,,
PR,SO,SCan ,PR_SCan_2018-3_f,N,F,Balance des paiements internationaux du Canada, troisième trimestre de 2018,14 399,2018,,
PR,SO,SCan ,PR_SCan_2018-3_IIP_e,N,E,Canada's international investment position, third quarter 2018,7 675,2018,,
PR,SO,SCan ,PR_SCan_2018-3_IIP_f,N,F,Bilan des investissements internationaux du Canada, troisième trimestre de 2018,9 914,2018,,
PR,SO,SCan ,PR_SCan_2018-4_e,N,E,Canada's balance of international payments, fourth quarter 2018,10 191,2018,,
PR,SO,SCan ,PR_SCan_2018-4_f,N,F,Balance des paiements internationaux du Canada, quatrième trimestre de 2018,13 578,2018,,
PR,SO,SCan ,PR_SCan_2018-4_IIP_e,N,E,Canada's international investment position, fourth quarter 2018,6 961,2018,,
PR,SO,SCan ,PR_SCan_2018-4_IIP_f,N,F,Bilan des investissements internationaux du Canada, quatrième trimestre de 2018,8 810,2018,,
PR,SO,SCan ,PR_SCan_2019-1_e,N,E,Canada's balance of international payments, first quarter 2019,9 562,2019,,
PR,SO,SCan ,PR_SCan_2019-1_f,N,F,Balance des paiements internationaux du Canada, premier trimestre de 2019,13 005,2019,,
PR,SO,SCan ,PR_SCan_2019-1_IIP_e,N,E,Canada's international investment position, first quarter 2019,6 710,2019,,
PR,SO,SCan ,PR_SCan_2019-1_IIP_f,N,F,Bilan des investissements internationaux du Canada, premier trimestre de 2019,7 800,2019,,
PR,SO,SCan ,PR_SCan_2019-2_e,N,E,Canada's balance of international payments, second quarter 2019,10 156,2019,,
PR,SO,SCan ,PR_SCan_2019-2_f,N,F,Balance des paiements internationaux du Canada, deuxième trimestre de 2019,13 535,2019,,
PR,SO,SCan ,PR_SCan_2019-2_IIP_e,N,E,Canada's international investment position, second quarter 2019,7 017,2019,,
PR,SO,SCan ,PR_SCan_2019-2_IIP_f,N,F,Bilan des investissements internationaux du Canada, deuxième trimestre de 2019,8 354,2019,,
PR,SO,SCan ,PR_SCan_2019-3_e,N,E,Canada's balance of international payments, third quarter 2019,9 642,2019,,
PR,SO,SCan ,PR_SCan_2019-3_f,N,F,Balance des paiements internationaux du Canada, troisième trimestre de 2019,12 445,2019,,
PR,SO,SCan ,PR_SCan_2019-3_IIP_e,N,E,Canada's international investment position, third quarter 2019,8 355,2019,,
PR,SO,SCan ,PR_SCan_2019-3_IIP_f,N,F,Bilan des investissements internationaux du Canada, troisième trimestre de 2019,10 268,2019,,
PR,SO,SCan ,PR_SCan_2019-4_e,N,E,Canada's balance of international payments, fourth quarter 2019,10 119,2019,,
PR,SO,SCan ,PR_SCan_2019-4_f,N,F,Balance des paiements internationaux du Canada, quatrième trimestre de 2019,13 567,2019,,
PR,SO,SCan ,PR_SCan_2019-4_IIP_e,N,E,Canada's international investment position, fourth quarter 2019,8 438,2019,,
PR,SO,SCan ,PR_SCan_2019-4_IIP_f,N,F,Bilan des investissements internationaux du Canada, quatrième trimestre de 2019,10 900,2019,,
PR,SO,SCan ,PR_SCan_2020_FDI_e,N,E,Foreign direct investment, 2019,9 392,2020,,
PR,SO,SCan ,PR_SCan_2020_FDI_f,N,F,Investissement direct étranger, 2019,11 554,2020,,
PR,SO,SCan ,PR_SCan_2020_ITSer_e,N,E,Canada's international trade in services deficit continued to contract in 2019,6 915,2020,,
PR,SO,SCan ,PR_SCan_2020_ITSer_f,N,F,Le déficit du commerce international de services du Canada a continué de diminuer en 2019,9 428,2020,,
PR,SO,SCan ,PR_SCan_2020_MNE_e,N,E,Multinational enterprises exert a significant influence on the Canadian economy, 2018,11 002,2020,,
PR,SO,SCan ,PR_SCan_2020_MNE_f,N,F,Les entreprises multinationales exercent une influence considérable sur l'économie canadienne, 2018,14 424,2020,,
PR,SO,SCan ,PR_SCan_2020-1_e,N,E,Canada's balance of international payments, first quarter 2020,10 223,2020,,
PR,SO,SCan ,PR_SCan_2020-1_f,N,F,Balance des paiements internationaux du Canada, premier trimestre de 2020,13 152,2020,,
PR,SO,SCan ,PR_SCan_2020-1_IIP_e,N,E,Canada's international investment position, first quarter 2020,8 295,2020,,
PR,SO,SCan ,PR_SCan_2020-1_IIP_f,N,F,Bilan des investissements internationaux du Canada, premier trimestre de 2020,10 357,2020,,
PR,SO,SCan ,PR_SCan_2020-2_e,N,E,Canada's balance of international payments, second quarter 2020,11 677,2020,,
PR,SO,SCan ,PR_SCan_2020-2_f,N,F,Balance des paiements internationaux du Canada, deuxième trimestre de 2020,15 534,2020,,
PR,SO,SCan ,PR_SCan_2020-2_IIP_e,N,E,Canada's international investment position, second quarter 2020,7 305,2020,,
PR,SO,SCan ,PR_SCan_2020-2_IIP_f,N,F,Bilan des investissements internationaux du Canada, deuxième trimestre de 2020,8 723,2020,,
PR,SO,SCan ,PR_SCan_2020-3_e,N,E,Canada's balance of international payments, third quarter 2020,12 360,2020,,
PR,SO,SCan ,PR_SCan_2020-3_f,N,F,Balance des paiements internationaux du Canada, troisième trimestre de 2020,16 236,2020,,
PR,SO,SCan ,PR_SCan_2020-3_IIP_e,N,E,Canada's international investment position, third quarter 2020,7 266,2020,,
PR,SO,SCan ,PR_SCan_2020-3_IIP_f,N,F,Bilan des investissements internationaux du Canada, troisième trimestre de 2020,9 309,2020,,
PR,SO,SCan ,PR_SCan_2020-4_e,N,E,Canada's balance of international payments, fourth quarter 2020,13 636,2020,,
PR,SO,SCan ,PR_SCan_2020-4_f,N,F,Balance des paiements internationaux du Canada, quatrième trimestre de 2020,18 220,2020,,
PR,SO,SCan ,PR_SCan_2020-4_IIP_e,N,E,Canada's international investment position, fourth quarter 2020,7 319,2020,,
PR,SO,SCan ,PR_SCan_2020-4_IIP_f,N,F,Bilan des investissements internationaux du Canada, quatrième trimestre de 2020,9 289,2020,,
PR,SO,SCan ,PR_SCan_2021_IMT_e,N,E,Canadian international merchandise trade, January 2021,13 883,2021,,
PR,SO,SCan ,PR_SCan_2021_IMT_f,N,F,Commerce international de marchandises du Canada, janvier 2021,19 665,2021,,
PR,SO,SCan ,PR_SCan_2021_ITSec_e,N,E,Canada's international transactions in securities, January 2021,5 988,2021,,
PR,SO,SCan ,PR_SCan_2021_ITSec_f,N,F,Opérations internationales du Canada en valeurs mobilières, janvier 2021,8 032,2021,,
PR,SO,SCan ,PR_SCan_2021_SS_e,N,E,Securities statistics, fourth quarter 2020,9 784,2021,,
PR,SO,SCan ,PR_SCan_2021_SS_f,N,F,Statistiques sur les titres financiers, quatrième trimestre de 2020,12 281,2021,,
PR,CB,OeNB,PR_OeNB_2019,N,D,Österreichs Zahlungsbilanz im Jahr 2018,39 546,2019,,
PR,CB,SNB,PR_SNB_2015_f,N,F,Balance des paiements et position extérieure de la Suisse 2014,59 103,2015,Translation,
PR,CB,SNB,PR_SNB_2015_d,N,D,Zahlungsbilanz und Auslandvermögen der Schweiz 2014,53 432,2014,,
PR,CB,SNB,PR_SNB_2016_f,N,F,Balance des paiements et position extérieure de la Suisse 2015,63 812,2016,Translation,
PR,CB,SNB,PR_SNB_2016_d,N,D,Zahlungsbilanz und Auslandvermögen der Schweiz 2015,75 538,2015,,
PR,CB,SNB,PR_SNB_2017_f,N,F,Balance des paiements et position extérieure de la Suisse 2016,64 554,2017,Translation,
PR,CB,SNB,PR_SNB_2017_d,N,D,Zahlungsbilanz und Auslandvermögen der Schweiz 2016,76 301,2016,,
PR,CB,SNB,PR_SNB_2018_1_fr,N,F,Balance des paiements et position extérieure de la Suisse - 1er trimestre 2018 ,12 687,2018,Translation,
PR,CB,SNB,PR_SNB_2018_1_de,N,D,Zahlungsbilanz und Auslandvermögen der Schweiz - 1. Quartal 2018 ,12 268,2018,,
PR,CB,SNB,PR_SNB_2018_2_fr,N,F,Balance des paiements et position extérieure de la Suisse - 2e trimestre 2018,13 101,2018,Translation,
PR,CB,SNB,PR_SNB_2018_2_de,N,D,Zahlungsbilanz und Auslandvermögen der Schweiz - 2. Quartal 2018 ,12 840,2018,,
PR,CB,SNB,PR_SNB_2018_3_fr,N,F,Balance des paiements et position extérieure de la Suisse - 3e trimestre 2018,13 223,2018,Translation,
PR,CB,SNB,PR_SNB_2018_3_de,N,D,Zahlungsbilanz und Auslandvermögen der Schweiz - 3. Quartal 2018 ,13 076,2018,,
PR,CB,SNB,PR_SNB_2018_4_fr,N,F,Balance des paiements et position extérieure de la Suisse - Année 2018 et 4e trimestre 2018,16 071,2018,Translation,
PR,CB,SNB,PR_SNB_2018_4_de,N,D,Zahlungsbilanz und Auslandvermögen der Schweiz - Jahr 2018 und 4. Quartal 2018,15 531,2018,,
PR,CB,SNB,PR_SNB_2018_f,N,F,Balance des paiements et position extérieure de la Suisse 2017,62 350,2018,Translation,
PR,CB,SNB,PR_SNB_2018_d,N,D,Zahlungsbilanz und Auslandvermögen der Schweiz 2017,74 556,2017,,
PR,CB,SNB,PR_SNB_2019_1_fr,N,F,Balance des paiements et position extérieure de la Suisse - 1er trimestre 2019 ,12 442,2019,Translation,
PR,CB,SNB,PR_SNB_2019_1_de,N,D,Zahlungsbilanz und Auslandvermögen der Schweiz - 1. Quartal 2019,12 459,2019,,
PR,CB,SNB,PR_SNB_2019_2_fr,N,F,Balance des paiements et position extérieure de la Suisse - 2e trimestre 2019,13 252,2019,Translation,
PR,CB,SNB,PR_SNB_2019_2_de,N,D,Zahlungsbilanz und Auslandvermögen der Schweiz - 2. Quartal 2019,13 017,2019,,
PR,CB,SNB,PR_SNB_2019_3_fr,N,F,Balance des paiements et position extérieure de la Suisse - 3e trimestre 2019,12 640,2019,Translation,
PR,CB,SNB,PR_SNB_2019_3_de,N,D,Zahlungsbilanz und Auslandvermögen der Schweiz - 3. Quartal 2019,12 111,2019,,
PR,CB,SNB,PR_SNB_2019_4_fr,N,F,Balance des paiements et position extérieure de la Suisse - Année 2019 et 4e trimestre 2019,15 565,2019,Translation,
PR,CB,SNB,PR_SNB_2019_4_de,N,D,Zahlungsbilanz und Auslandvermögen der Schweiz - Jahr 2019 und 4. Quartal 2019,15 569,2019,,
PR,CB,SNB,PR_SNB_2020_1_fr,N,F,Balance des paiements et position extérieure de la Suisse - 1er trimestre 2020 ,1 962,2020,Translation,
PR,CB,SNB,PR_SNB_2020_1_de,N,D,Zahlungsbilanz und Auslandvermögen der Schweiz - 1. Quartal 2020,3 632,2020,,
PR,CB,SNB,PR_SNB_2020_2_fr,N,F,Balance des paiements et position extérieure de la Suisse - 2e trimestre 2020,3 629,2020,Translation,
PR,CB,SNB,PR_SNB_2020_2_de,N,D,Zahlungsbilanz und Auslandvermögen der Schweiz - 2. Quartal 2020,4 957,2020,,
PR,CB,SNB,PR_SNB_2020_4_fr,N,F,Balance des paiements et position extérieure de la Suisse - Année 2020 et 4e trimestre 2020,6 301,2020,Translation,
PR,CB,SNB,PR_SNB_2020_4_de,N,D,Zahlungsbilanz und Auslandvermögen der Schweiz - Jahr 2020 und 4. Quartal 2020,5 469,2020,,
PR,CB,SNB,PR_SNB_2020-3_f,N,F,Balance des paiements et position extérieure de la Suisse, 3e trimestre 2020,3 489,2020,Translation,
PR,SO,Statec,PR_STATEC_2020_2,N,F,Balance des paiements du Luxembourg en 2019,2 630,2020,,
PR,SO,Statec,PR_STATEC_2021,N,F,Balance des paiements du Luxembourg sur les trois premiers trimestres de l’année 2020,3 454,2021,,
PR,CB,BdF,RM_BdF_2021,N,F,La balance des paiements et la position extérieure de la France, Rapport annuel 2020,59 397,2021,,
PR,CB,BdF,RM_BdF_2022,N,F,La balance des paiements et la position extérieure de la France, Rapport annuel 2021,61 066,2022,,
PR,SO,BEA,PR_BEA_2014_ar,N,E,Comprehensive Restructuring and Annual Revision of the U.S. International Transactions Accounts,74 407,2014,ok.  => PR,
PR,SO,BEA,PR_BEA_2015_ar,N,E,Annual Revision of the U.S. International Transactions Accounts,25 447,2015,ok.  => PR,
PR,SO,BEA,PR_BEA_2016_ar,N,E,Annual Revision of the U.S. International Transactions Accounts,48 480,2016,ok.  => PR,
PR,SO,BEA,PR_BEA_2017_ar,N,E,Annual Update of the U.S. International Transactions Accounts,46 240,2017,ok.  => PR,
PR,SO,BEA,PR_BEA_2018_ar,N,E,Annual Update of the U.S. International Transactions Accounts,7 452,2018,ok.  => PR,
PR,CB,SNB,PR_SNB_2020-3_d,N,D,Zahlungsbilanz und Auslandvermögen der Schweiz, 3. Quartal 2020,3 316,2020,,
PR,SO,EuS,PR_EuS_2020_4,I,E,BOP Fourth quarter of 2020,5 206,2020,,
PR,SO,EuS,PR_EuS_2020_3,I,E,BOP Third quarter of 2020,5 172,2020,,
PR,SO,EuS,PR_EuS_2020_1,I,E,BOP First quarter of 2020,5 284,2020,,
PR,SO,EuS,PR_EuS_2019_4,I,E,BOP Fourth quarter of 2019,5 464,2019,,
PR,SO,EuS,PR_EuS_2015_6,I,E,EU28 current account surplus €14.9 bn,3 231,2015,,
PR,SO,EuS,PR_EuS_2017,I,E,Personal transfers in the EU (13 November 2017),4 004,2017,,
PR,SO,EuS,PR_EuS_2020,I,E,Personal transfers in the EU (12 November 2020),4 487,2020,,
PR,SO,EuS,PR_EuS_2019,I,E,Personal transfers in the EU (12 November 2019),4 399,2019,,
PR,SO,EuS,PR_EuS_2018,I,E,Personal transfers in the EU (15 November 2018),4 006,2018,,
PR,SO,EuS,PR_EuS_2015_8,I,E,EU28 current account surplus €12.3 bn,3 204,2015,,
PR,SO,EuS,PR_EuS_2015_4,I,E,EU28 current account surplus €20.4 bn,2 685,2015,,
PR,SO,EuS,PR_EuS_2018_3,I,E,BOP Third quarter of 2018,5 170,2018,,
PR,SO,ONS,PR_ONS_2021_PB,N,E,UK Balance of Payments, The Pink Book: 2021,31 437,2021,,
PR,SO,ONS,PR_ONS_2021_2,N,E,Balance of payments, UK April to June 2021,10 231,2021,,
PR,SO,ONS,PR_ONS_2022_2,N,E,Balance of payments, UK April to June 2022,20 044,2022,,
PR,SO,ONS,PR_ONS_2021_1,N,E,Balance of payments, UK January to March 2021,14 580,2021,,
PR,SO,ONS,PR_ONS_2022_1,N,E,Balance of payments, UK January to March 2022,15 082,2022,,
PR,SO,ONS,PR_ONS_2021_3,N,E,Balance of payments, UK July to September 2021,14 217,2021,,
PR,SO,ONS,PR_ONS_2021_4,N,E,Balance of payments, UK October to December 2021,14 995,2021,,
PR,SO,BEA,PR_BEA_2022_2,N,E,U.S. International Transactions, 2nd Quarter 2022,43 319,2022,,
PR,SO,BEA,PR_BEA_2021_5,N,E,Annual Update of the U.S. International Transactions Accounts 2021,28 244,2021,,
PR,SO,BEA,PR_BEA_2021_4_y,N,E,U.S. International Transactions - Fourth Quarter and Year 2021,20 890,2021,,
PR,SO,BEA,PR_BEA_2021_3,N,E,U.S. International Transactions, Third Quarter 2021,15 383,2021,,
PR,SO,BEA,PR_BEA_2021_2,N,E,U.S. International Transactions, Second Quarter 2021,13 960,2021,,
PR,SO,BEA,PR_BEA_2021_1,N,E,U.S. International Transactions, First Quarter 2021,12 750,2021,,
PR,SO,BEA,PR_BEA_2020_5,N,E,Annual Update of the U.S. International Transactions Accounts 2020,147 613,2020,,
PR,CB,OeNB,PR_OeNB_2020,N,D,Leistungsbilanz 2019 historisch gesehen mit drittbestem Ergebnis ,5 187,2020,,
PR,SO,CSO,PR_CSO_2022_2,N,E,Quarterly National Accounts and International Accounts for Quarter 2 2022,6 160,2022,,
PR,SO,CSO,PR_CSO_2022_1_p,N,E,Quarterly National Accounts and International Accounts Quarter 1 2022 (Provisional),3 727,2022,,
PR,SO,CSO,PR_CSO_2022_1,N,E,"Annual National Accounts Results for Year 2021 (ANA 2021), Updated Quarterly National Accounts and International Accounts Quarter 1 2022",6 763,2022,,
PR,SO,CSO,PR_CSO_2021_4,N,E,Quarterly National Accounts and International Accounts Quarter 4 2021 and Year 2021 (Preliminary),4 470,2022,,
PR,SO,CSO,PR_CSO_2021_3,N,E,Quarterly National Accounts and International Accounts Quarter 3 2021,4 873,2021,,
PR,SO,CSO,PR_CSO_2021_2,N,E,Quarterly National Accounts and International Accounts Quarter 2 2021,3 953,2021,,
PR,SO,CSO,PR_CSO_2021_1_p,N,E,Quarterly National Accounts and International Accounts Quarter 1 2021 (Provisional),4 628,2021,,
PR,SO,CSO,PR_CSO_2021_1,N,E,"National Income and Expenditure Results for Year 2020, Revised Quarterly National Accounts and International Accounts for Quarter 1 2021",6 161,2021,,
PR,SO,CSO,PR_CSO_2020_4,N,E,Quarterly National Accounts and International Accounts Quarter 4 2020 and Year 2020 (Preliminary),5 085,2020,,
PR,SO,CSO,PR_CSO_2020_3,N,E,Quarterly National Accounts and International Accounts Quarter 3 2020 (Preliminary),4 235,2020,,
PR,SO,CSO,PR_CSO_2020_2,N,E,Quarterly National Accounts and International Accounts Quarter 2 2020,3 451,2020,,
PR,SO,CSO,PR_CSO_2020_1_p,N,E,Quarterly National Accounts and International Accounts Quarter 1 2020 Provisional,4 819,2020,,
PR,SO,CSO,PR_CSO_2020_1,N,E,"National Income and Expenditure 2019, Revised Quarterly National Accounts and International Accounts for Quarter 1 2020",5 173,2020,,
PR,SO,CSO,PR_CSO_2017_2,N,E,Quarterly National Accounts and Balance of Payments for Quarter 2, 2017,3 384,2017,,
PR,SO,CSO,PR_CSO_2019_4,N,E,Quarterly National Accounts and International Accounts Quarter 4 2019 and Year 2019 (Preliminary),4 416,2019,,
PR,SO,CSO,PR_CSO_2019_3,N,E,Quarterly National Accounts and International Accounts results for Quarter 3 2019,3 865,2019,,
PR,SO,CSO,PR_CSO_2019_2,N,E,Quarterly National Accounts and International Accounts results for Quarter 2 2019,4 105,2019,,
PR,SO,CSO,PR_CSO_2019_1,N,E,"Quarterly National Accounts and International Accounts results for Quarter 1 2019, National Income and Expenditure Results for Year 2018",5 145,2019,,
PR,SO,CSO,PR_CSO_2018_4,N,E,Quarterly National Accounts Quarter 4 2018 and Year 2018 (Preliminary) and International Accounts Quarter 4 2018,4 218,2018,,
PR,SO,CSO,PR_CSO_2018_3,N,E,Press Statement Quarterly National Accounts, Balance of International Payments and Quarterly International Investment Position and External Debt Q3 2018,3 574,2018,,
PR,SO,CSO,PR_CSO_2018_2,N,E,Press Statement Quarterly National Accounts and Balance of Payments Quarter 2 2018,3 122,2018,,
PR,SO,CSO,PR_CSO_2018_1,N,E,Quarterly National Accounts and Balance of Payments results for Quarter 1 2018, National Income and Expenditure Results for Year 2017,5 100,2018,,
PR,SO,CSO,PR_CSO_2017_4,N,E,Quarterly National Accounts and Balance of Payments Quarter 4 2017 and Year 2017 (Preliminary),4 021,2017,,
PR,SO,CSO,PR_CSO_2017_3,N,E,Quarterly National Accounts and Balance of Payments for Quarter 3, 2017,2 853,2017,,
PR,CB,NBB,PR_NBB_2022_PEGCF_2,N,F,Position extérieure globale et compte financier de la balance des paiements (deuxième trimestre 2022),6 815,2022,,
PR,CB,NBB,PR_NBB_2022_BS9,N,F,Balance des paiements, Position extérieure globale et Investissements directs avec l’étranger, chapitre 9 du Bulletin statistique trimestriel 2022-III,11 427,2022,,
PR,SO,CSO,PR_CSO_2016_2,N,E,Quarterly National Accounts and Balance of Payments for Quarter 2, 2016,3 666,2016,,
PR,SO,CSO,PR_CSO_2016_3,N,E,Quarterly National Accounts and Balance of Payments for Quarter 3, 2016,2 556,2016,,
PR,SO,CSO,PR_CSO_2016_4,N,E,Quarterly National Accounts Quarter 4 2016 and Year 2016 (Preliminary) and Balance of Payments results for Quarter 4 2016 and Year 2016,3 434,2016,,
PR,SO,Statec,PR_STATEC_2022_1,N,F,BALANCE DES PAIEMENTS DU LUXEMBOURG AU PREMIER TRIMESTRE 2022,3 302,2022,,
PR,SO,Statec,PR_STATEC_2021_1,N,F,BALANCE DES PAIEMENTS DU LUXEMBOURG AU PREMIER TRIMESTRE 2021,3 400,2021,,
PR,SO,Statec,PR_STATEC_2020_4,N,F,Balance des paiements du Luxembourg en 2020,3 271,2020,,
PR,SO,Statec,PR_STATEC_2015_3,N,F,Regards sur l’impact des frontaliers dans la balance des paiements,7 568,2015,,
PR,SO,Statec,PR_STATEC_2021_2,N,F,BALANCE DES PAIEMENTS DU LUXEMBOURG AU PREMIER SEMESTRE 2021,3 259,2021,,
PR,SO,Statec,PR_STATEC_2021_3,N,F,BALANCE DES PAIEMENTS DU LUXEMBOURG SUR LES TROIS PREMIERS TRIMESTRES DE L’ANNÉE 2021,3 383,2022,,
PR,SO,Statec,PR_STATEC_2022_2,N,F,BALANCE DES PAIEMENTS DU LUXEMBOURG AU PREMIER SEMESTRE 2022,3 351,2022,,
PR,SO,Statec,PR_STATEC_2021_4,N,F,BALANCE DES PAIEMENTS DU LUXEMBOURG AU COURS DE L’ANNÉE 2021,3 508,2021,,
PR,SO,SCan ,PR_Scan_2022_2_iip_fr,N,F,Bilan des investissements internationaux du Canada, deuxième trimestre de 2022,11 579,2022,,
PR,SO,SCan ,PR_Scan_2022_1_iip_fr,N,F,Bilan des investissements internationaux du Canada, premier trimestre de 2022,10 848,2022,,
PR,SO,SCan ,PR_Scan_2021_4_iip_fr,N,F,Bilan des investissements internationaux du Canada, quatrième trimestre de 2021,10 441,2021,,
PR,SO,SCan ,PR_Scan_2021_3_iip_fr,N,F,Bilan des investissements internationaux du Canada, troisième trimestre de 2021,9 753,2021,,
PR,SO,SCan ,PR_Scan_2021_2_iip_fr,N,F,Bilan des investissements internationaux du Canada, deuxième trimestre de 2021,9 494,2021,,
PR,SO,SCan ,PR_Scan_2021_1_iip_fr,N,F,Bilan des investissements internationaux du Canada, premier trimestre de 2021,9 878,2021,,
PR,SO,SCan ,PR_Scan_2022_2_bp_fr,N,F,Balance des paiements internationaux du Canada, deuxième trimestre de 2022,17 943,2022,,
PR,SO,SCan ,PR_Scan_2022_1_bp_fr,N,F,Balance des paiements internationaux du Canada, premier trimestre de 2022,14 067,2022,,
PR,SO,SCan ,PR_Scan_2021_4_bp_fr,N,F,Balance des paiements internationaux du Canada, quatrième trimestre de 2021,15 639,2021,,
PR,SO,SCan ,PR_Scan_2021_3_bp_fr,N,F,Balance des paiements internationaux du Canada, troisième trimestre de 2021,15 573,2021,,
PR,SO,SCan ,PR_Scan_2021_2_bp_fr,N,F,Balance des paiements internationaux du Canada, deuxième trimestre de 2021,15 469,2021,,
PR,SO,SCan ,PR_Scan_2021_1_bp_fr,N,F,Balance des paiements internationaux du Canada, premier trimestre de 2021,15 695,2021,,
PR,SO,SCan ,PR_Scan_2022_2_iip_en,N,E,Canada's international investment position, second quarter 2022,9 627,2022,,
PR,SO,SCan ,PR_Scan_2022_1_iip_en,N,E,Canada's international investment position, first quarter 2022,7 535,2022,,
PR,SO,SCan ,PR_Scan_2021_4_iip_en,N,E,Canada's international investment position, fourth quarter 2021,6 740,2021,,
PR,SO,SCan ,PR_Scan_2021_3_iip_en,N,E,Canada's international investment position, third quarter 2021,8 142,2021,,
PR,SO,SCan ,PR_Scan_2021_2_iip_en,N,E,Canada's international investment position, second quarter 2021,7 129,2021,,
PR,SO,SCan ,PR_Scan_2021_1_iip_en,N,E,Canada's international investment position, first quarter 2021,7 638,2021,,
PR,SO,SCan ,PR_Scan_2022_2_bp_en,N,E,Canada's balance of international payments, second quarter 2022,10 872,2022,,
PR,SO,SCan ,PR_Scan_2022_1_bp_en,N,E,Canada's balance of international payments, first quarter 2022,10 447,2022,,
PR,SO,SCan ,PR_Scan_2021_4_bp_en,N,E,Canada's balance of international payments, fourth quarter 2021,11 699,2021,,
PR,SO,SCan ,PR_Scan_2021_3_bp_en,N,E,Canada's balance of international payments, third quarter 2021,11 904,2021,,
PR,SO,SCan ,PR_Scan_2021_2_bp_en,N,E,Canada's balance of international payments, second quarter 2021,11 659,2021,,
PR,SO,SCan ,PR_Scan_2021_1_bp_en,N,E,Canada's balance of international payments, first quarter 2021,11 638,2021,,
PR,CB,BuBa,PR_BuBa_2022,N,D,Die deutsche Zahlungsbilanz für das Jahr 2021,60 898,2022,,
PR,CB,OeNB,PR_OeNB_2022,N,D,Pandemie führt 2021 erstmals seit mehr als 20 Jahren zu einem Leistungsbilanzdefizit,5 865,2022,,
PR,CB,SNB,PR_SNB_2021_4_de,N,D,Zahlungsbilanz und Auslandvermögen der Schweiz - Jahr 2021 und 4. Quartal 2021,5 588,2021,,
PR,CB,SNB,PR_SNB_2021_3_de,N,D,Zahlungsbilanz und Auslandvermögen der Schweiz - 3. Quartal 2021,2 998,2021,,
PR,CB,SNB,PR_SNB_2021_2_de,N,D,Zahlungsbilanz und Auslandvermögen der Schweiz - 2. Quartal 2021,3 107,2021,,
PR,CB,SNB,PR_SNB_2021_4_fr,N,F,Balance des paiements et position extérieure de la Suisse - Année 2021 et 4e trimestre 2021,6 287,2021,,
PR,CB,SNB,PR_SNB_2021_3_fr,N,F,Balance des paiements et position extérieure de la Suisse - 3e trimestre 2021,3 342,2021,,
PR,CB,SNB,PR_SNB_2021_2_fr,N,F,Balance des paiements et position extérieure de la Suisse - 2e trimestre 2021,3 828,2021,,
PR,CB,SNB,PR_SNB_2021_1_fr,N,F,Balance des paiements et position extérieure de la Suisse - 1er trimestre 2021,2 897,2021,,
PR,CB,SNB,PR_SNB_2021_1_de,N,D,Zahlungsbilanz und Auslandvermögen der Schweiz - 1. Quartal 2021,2 562,2021,,
PR,CB,SNB,PR_SNB_2022_2_de,N,D,Zahlungsbilanz und Auslandvermögen der Schweiz - 2. Quartal 2022,2 699,2022,,
PR,CB,SNB,PR_SNB_2022_2_fr,N,F,Balance des paiements et position extérieure de la Suisse - 2e trimestre 2022,3 122,2022,,
PR,CB,SNB,PR_SNB_2022_1_fr,N,F,Balance des paiements et position extérieure de la Suisse - 1er trimestre 2022,3 264,2022,,
PR,SO,ONS,PR_ONS_2022_PB,N,E,UK Balance of Payments, The Pink Book: 2022,29 844,2022,,
RE,CB,BdF,RE_BdF_2007,N,F,LOI no 2007-212 du 20 février 2007 portant diverses dispositions intéressant la Banque de France,24 257,2007,,
RE,CB,BdF,RE_BdF_2007-gouverneur,N,F,Décision n° 2007-01 du Comité monétaire du Conseil général concernant la collecte de statistiques pour l’élaboration de la balance des paiements et de la position extérieure de la France, de la zone euro et de la Communauté européenne,7 907,2007,,
RE,CB,BdF,RE_BdF_2009_L141-6CMF,N,F,Code monétaire et financier, Article L141-6,1 830,2009,,
RE,CB,BdF,RE_BdF_2009-gouverneur,N,F,Décision n° 2009-04 du gouverneur de la Banque de France concernant la déclaration d’informations statistiques par les intermédiaires financiers pour l’établissement de la balance des paiements et de la position extérieure,12 348,2009,,
PR,CB,SNB,PR_SNB_2022_1_de,N,D,Zahlungsbilanz und Auslandvermögen der Schweiz - 1. Quartal 2022,2 836,2022,,
RE,CB,ECB,RE_ECB_2016_e,I,E,GUIDELINE OF THE EUROPEAN CENTRAL BANK of 9 December 2011 on the statistical reporting requirements of the European Central Bank in the field of external statistics, amended in 2013 and 2015,105 999,2016,,
RE,CB,ECB,RE_ECB_2016_f,I,F,ORIENTATION DE LA BANQUE CENTRALE EUROPÉENNE du 9 décembre 2011 relative aux obligations de déclaration statistique établies par la Banque centrale européenne en matière de statistiques extérieures, modifiée en 2013 et 2015,126 612,2016,,
RE,CB,ECB,RE_ECB_2016_d,I,D,LEITLINIE DER EUROPÄISCHEN ZENTRALBANK vom 9. Dezember 2011 über die statistischen Berichtsanforderungen der Europäischen Zentralbank im Bereich der außenwirtschaftlichen Statistiken, 2013 und 2015 geändert,164 833,2016,,
RE,OT,EU,RE_EU_2012_e,I,E,COMMISSION REGULATION (EU) No 555/2012 of 22 June 2012 amending Regulation (EC) No 184/2005 of the European Parliament and of the Council on Community statistics concerning balance of payments, international trade in services and foreign direct investment, as regards the update of data requirements and definitions,68 583,2012,Annex II contains definitions,
RE,OT,EU,RE_EU_2012_f,I,F,RÈGLEMENT (UE) N o 555/2012 DE LA COMMISSION du 22 juin 2012 modifiant le règlement (CE) n o 184/2005 du Parlement européen et du Conseil relatif aux statistiques communautaires de la balance des paiements, du commerce international des services et des investissements directs étrangers, en ce qui concerne l’actualisation des exigences relatives aux données et les définitions,83 425,2012,,
RE,OT,EU,RE_EU_2012_d,I,D,VERORDNUNG (EU) Nr. 555/2012 DER KOMMISSION vom 22. Juni 2012 zur Änderung der Verordnung (EG) Nr. 184/2005 des Europäischen Parlaments und des Rates betreffend die gemeinschaftliche Statistik der Zahlungsbilanz, des internationalen Dienstleistungsverkehrs und der Direktinvestitionen im Hinblick auf die Aktualisierung der Datenanforderungen und Definitionen,127 797,2012,,
RE,OT,EU,RE_EU_2016_e,I,E,REGULATION (EU) 2016/1013 OF THE EUROPEAN PARLIAMENT AND OF THE COUNCIL of 8 June 2016 amending Regulation (EC) No 184/2005 on Community statistics concerning balance of payments, international trade in services and foreign direct investment,25 622,2016,,
RE,OT,EU,RE_EU_2016_f,I,F,RÈGLEMENT (UE) 2016/1013 DU PARLEMENT EUROPÉEN ET DU CONSEIL du 8 juin 2016 modifiant le règlement (CE) no 184/2005 relatif aux statistiques communautaires de la balance des paiements, du commerce international des services et des investissements directs étrangers,28 074,2016,,
RE,CB,NBB,RE_NBB_2002,N,F,Loi du 28 février 2002 organisant l’établissement de la balance des paiements, de la position extérieure globale et des statistiques du commerce international des services et des investissements directs étrangers de la Belgique et portant modification de l’arrêté-loi du 6 octobre 1944 relatif au contrôle des changes et de diverses dispositions légales,18 294,2002,,
RE,CB,NBB,RE_NBB_2007,N,F,Arrêté royal du 7 février 2007 relatif à l'établissement de la balance des paiements, de la position extérieure globale et des statistiques du commerce international des services et des investissements directs étrangers de la Belgique,25 955,2007,,
RE,CB,NBB,RE_NBB_2010,N,F,"Règlement ""A"" de la Banque Nationale de Belgique relatif aux obligations statistiques en matière de balance des paiementsdes établissements de crédit résidents",30 305,2010,,
RE,CB,NBB,RE_NBB_2010_2,N,F,"Règlement ""C"" de la Banque Nationale de Belgique relatif aux enquêtes sur les opérations sur marchandises avec l'étranger",21 001,2010,,
RE,CB,NBB,RE_NBB_2010_3,N,F,"Règlement ""D"" de la Banque Nationale de Belgique relatif à l'enquête sur les dépenses transfrontalières réalisées par carte de paiement",7 699,2010,,
RE,CB,NBB,RE_NBB_2010_4,N,F,"Règlement ""E"" de la Banque Nationale de Belgique relatif aux enquêtes sur les investissements directs avec l’étranger des personnes morales résidentes autres que les établissements de crédit",25 637,2010,,
RE,CB,NBB,RE_NBB_2010_5,N,F,"Règlement ""F"" de la Banque Nationale de Belgique relatif aux enquêtes sur les investissements entre des résidents autres que les établissements de crédit et des non-résidents non apparentés hors valeurs mobilières",23 330,2010,,
RE,CB,NBB,RE_NBB_2010_6,N,F,"Règlement ""G"" de la Banque Nationale de Belgique relatif aux enquêtes sur les avoirs et engagements en valeurs mobilières des personnes morales résidentes autres que les établissements de crédit
____________",21 139,2010,,
RE,CB,NBB,RE_NBB_2012,N,F,"Règlement ""B"" de la Banque Nationale de Belgique relatif aux enquêtes sur les opérations sur services avec l'étranger des résidents autres que les établissements de crédit (annexé à l'arrêté ministériel du 28 septembre 2012)",36 944,2012,,
RE,CB,NBB,RE_NBB_2012_2,N,F,"Règlement ""H"" de la Banque Nationale de Belgique relatif à l'enquêtesur les transmissions de fonds avec l'étranger (annexé à l'arrêté ministériel du 28 septembre 2012)",6 608,2012,,
RE,CB,NBB,RE_NBB_2013,N,F,"Règlement ""I"" de la Banque Nationale de Belgique relatif à l'enquête
sur les opérations avec l'étranger concernant l'énergie (annexé à l'arrêté ministériel du 8 juillet 2013)",10 728,2013,,
RE,CB,NBB,RE_NBB_2017,N,F,Arrêté royal portant modification de l’arrêté royal du 7 février 2007 relatif à l’établissement de la balance des paiements, de la position extérieure globale et des statistiques du commerce international des services et des investissements directs étrangers de la Belgique,4 878,2017,,
RE,OT,EU,RE_EU_2016_d,I,D,VERORDNUNG (EU) 2016/1013 DES EUROPÄISCHEN PARLAMENTS UND DES RATES vom 8. Juni 2016 zur Änderung der Verordnung (EG) Nr. 184/2005 betreffend die gemeinschaftliche Statistik der Zahlungsbilanz, des internationalen Dienstleistungsverkehrs und der Direktinvestitionen,29 136,2016,,
RE,CB,OeNB,RE_OeNB_2020,N,D,Rechtliche Grundlagen,3 412,2020,,
RM,CB,OeNB,RM_OeNB_2014,N,D,Revision der Leistungsbilanz - Die Änderungen im Detail und erste Ergebnisse,46 193,2014,,
RM,CB,BdF,RM_BdF_2015,N,F,Méthodologie - La balance des paiements et la position extérieure de la France,159 050,2015,,
RM,SO,BEA,RM_BEA_2014,N,E,U.S. International Economic Accounts: Concepts and Methods,547 216,2014,ok. Glossary pp. 191-202,
RM,SO,BEA,RM_BEA_2018_dis,N,E,Definition of International Services,7 191,2018,,
RM,CB,OeNB,RM_OeNB_2018,N,D,Zahlungsbilanz und Internationale Vermögensposition nach BPM6 - Handbuch zu Definitionen, Quellen und Berechnungsmethoden,329 934,2018,,
RM,CB,BuBa,RM_BuBa_2014,N,D,Änderungen in der Methodik und Systematik der Zahlungsbilanz und des Auslandsvermögensstatus,44 513,2014,,
RM,OT,CMFB,RM_CMFB_2020,I,E,Consistency issues in balance of payments and national accounts,19 978,2020,,
RM,SO,CSO,RM_CSO_2014,N,E,BPM6 Implementation,24 004,2014,,
RM,SO,CSO,RM_CSO_2014_iip_bn,N,E,IIP Background Notes,35 762,2014,,
RM,SO,CSO,RM_CSO_2015_cm,N,E,Contract_Manufacturing_-_rebrand,3 926,2015,,
RM,SO,CSO,RM_CSO_2015_fdi_bn,N,E,FDI Background Notes,11 533,2015,,
RM,SO,CSO,RM_CSO_2016,N,E,Redomiciled PLCs in the Irish Balance of Payments 2015 ,4 466,2016,,
RM,SO,CSO,RM_CSO_2017,N,E,Background Notes - Resident Holdings of Foreign Portfolio Securities,13 554,2017,,
RM,SO,CSO,RM_CSO_2017_cpis_bn,N,E,CPIS Background Notes,13 517,2017,,
RM,SO,CSO,RM_CSO_2017_its_bn,N,E,ITS Background Notes,29 797,2017,,
RM,SO,CSO,RM_CSO_2018,N,E,Background Notes - Balance of Payments,36 697,2018,,
RM,SO,CSO,RM_CSO_2019_2,N,E,Redomiciled PLCs in the Irish Balance of Payments 2018,2 327,2019,,
RM,SO,CSO,RM_CSO_2019,N,E,A Modified Current Account Balance for Ireland 2008-2018,7 428,2019,,
RM,SO,CSO,RM_CSO_2020,N,E,"Standard Report on Methods and Quality
for Balance of Payments (BOP) and related results compilation",59 095,2020,,
RM,OT,EC+al.,RM_EC+al._2013,I,F,Système de comptabilité nationale 2008,2 970 317,2013,Translation,
RM,OT,EC+al.,RM_EC+al_2009,I,E,System of National Accounts 2008,2 509 019,2009,Original version,
RM,CB,ECB,RM_ECB_2016_2,I,E,European Union Balance of Payments and International Investment Position statistical sources and methods “B.o.p. and i.i.p. book”,1 095 526,2016,,
RM,CB,ECB,RM_ECB_2017,I,E,Estimation of euro area balance of payments and international investment positions - extending the BPM6 series -,7 706,2017,,
RM,CB,ECB,RM_ECB_2019,I,E,Euro area and national balance of payments and international investment position statistics - 2018 quality report,96 712,2019,,
RM,CB,ECB,RM_ECB_2020,I,E,Some considerations on the possible impact of the COVID-19 pandemic on balance of payments statistics,8 435,2020,,
RM,CB,ECB,RM_ECB_2020_2,I,E,Euro area and national balance of payments and international investment position statistics - 2019 quality report,101 618,2020,,
RM,CB,ECB,RM_ECB_2020_3,I,E,Euro area balance of payments and international investment position compilation -Balancing mechanisms -,11 091,2020,,
RM,SO,EuS,RM_EuS_2021,I,E,BALANCE OF PAYMENTS VADEMECUM 2021,99 445,2021,,
RM,SO,EuS,RM_EuS_2022,I,E,BALANCE OF PAYMENTS VADEMECUM 2022,109 206,2022,,
RM,OT,IMF,RM_IMF_2009_e,I,E,Balance of payments and international investment position manual, 6th ed.,1 162 113,2009,Original version,
RM,OT,IMF,RM_IMF_2009-f,I,F,Manuel de la balance des paiements et de la position extérieure globale, 6e édition,1 352 740,2009,Translation,
RM,OT,IMF,RM_IMF_2014_e,I,E,Balance of payments and international investment position compilation guide,1 222 562,2014,Original version,
RM,OT,IMF,RM_IMF_2014_f,I,F,GUIDE POUR L'ETABLISSEMENT DES STATISTIQUES SELON LE MBP6,1 473 572,2014,Translation,
RM,CB,NBB,RM_NBB_2020,N,F,Balance des paiements, services et investissements avec l’étranger,6 591,2020,,
RM,CB,BuBa,RM_BuBa_2015-03_ERL_S._103-108,N,D,Erläuterungen - Zahlungsbilanz,24 274,2015,,
RM,SO,ONS,RM_ONS_2018,N,E,Methodological notes (BPM6 basis),164 213,2018,,
RM,SO,ONS,RM_ONS_2020,N,E,ONS Glossary,52 787,2020,,
RM,SO,SCan ,RM_SCan_2015_2_e,N,E,A preview of the 2015 comprehensive revision of the Canadian System of Macroeconomic Accounts,29 654,2015,,
RM,SO,SCan ,RM_SCan_2015_2_f,N,F,Un aperçu de la révision complète de 2015 du Système canadien des comptes macroéconomiques,62 579,2015,,
RM,SO,SCan ,RM_SCan_2015_e,N,E,Revisions to Canada's Balance of International Payments ,29 904,2015,,
RM,SO,SCan ,RM_SCan_2015_f,N,F,Révisions à la Balance des paiements internationaux du Canada,31 042,2015,,
RM,SO,SCan ,RM_SCan_2016_csma2_e,N,E,User Guide: Canadian System of Macroeconomic Accounts, Chapter 2 History of Canada’s macroeconomic accounts,110 931,2016,,
RM,SO,SCan ,RM_SCan_2016_csma2_f,N,F,Système canadien des comptes macroéconomiques - Chapitre 2 Historique des comptes macroéconosmiques du Canada,123 894,2016,Translation,
RM,SO,SCan ,RM_SCan_2016_csma3_e,N,E,User Guide: Canadian System of Macroeconomic Accounts, Chapter 3 Key concepts in brief of the Canadian System of Macroeconomic Accounts,129 218,2016,,
RM,SO,SCan ,RM_SCan_2016_csma3_f,N,F,Système canadien des comptes macroéconomiques - Chapitre 3 Concepts clés en bref,145 812,2016,Translation,
RM,SO,SCan ,RM_SCan_2017_csma8_e,N,E,User Guide: Canadian System of Macroeconomic Accounts, Chapter 8 International Accounts,145 118,2017,,
RM,SO,SCan ,RM_SCan_2017_csma8_f,N,F,Système canadien des comptes macroéconomiques - Chapitre 8 Comptes internationaux,170 601,2017,Translation,
RM,SO,SCan ,RM_SCan_2020_ITSer_e,N,E,"Canada's International Transactions in Services
Detailed information for 2019 ",13 321,2020,,
RM,SO,SCan ,RM_SCan_2020_ITSer_f,N,F,"Transactions internationales de services du Canada
Information détaillée pour 2019",16 185,2020,,
RM,SO,SCan ,RM_SCan_2021_ITM_e,N,E,Canadian International Merchandise Trade (Balance of Payments Basis) Detailed information for January 2021 ,8 198,2021,,
RM,SO,SCan ,RM_SCan_2021_ITM_f,N,F,Commerce international de marchandises du Canada (base de la balance de paiements) - Information détaillée pour janvier 2021,10 026,2021,,
RM,SO,SCan ,RM_SCan_2021_ITSec_e,N,E,"Canada's International Transactions in Securities
Detailed information for January 2021 ",10 590,2021,,
RM,SO,SCan ,RM_SCan_2021_ITSec_f,N,F,Opérations internationales du Canada en valeurs mobilières - Information détaillée pour janvier 2021 ,12 434,2021,,
RM,CB,OeNB,RM_OeNB_2020,N,D,Was ist zu melden?,8 704,2020,,
RM,CB,SNB,RM_SNB_2020_d,N,D,Erläuterungen – Zahlungsbilanz und Auslandvermögen,113 415,2020,,
RM,CB,SNB,RM_SNB_2020_f,N,F,Commentaires – Balance des paiements et position extérieure,125 467,2020,Translation,
RM,CB,SNB,RM_SNB_2020_Dok,N,D,Dokumentation - Zahlungsbilanz und Auslandvermögen der Schweiz (gem. BPM6) V.2,394 098,2020,,
RM,OT,UN+al.,RM_UN+al._2010_e,I,E,Manual on Statistics of International Trade in Services 2010 (MSITS 2010),531 475,2010,Original version,
RM,OT,UN+al.,RM_UN+al._2013_f,I,F,Manuel des statistiques du commerce international des services 2010,627 907,2013,Translation,
RM,OT,IMF,RM_IMF_2020,I,E,Special Purpose Entities: Guidelines for a Data Template,86 661,2020,,
PP,CB,SNB,PP_SNB_2023-f,N,F,Le commerce de transit, un baromètre de la mondialisation,8 786,2023,,
RM,CB,SNB,RM_SNB_2022_Dok,N,D,Dokumentation - Zahlungsbilanz und Auslandvermögen der Schweiz (gem. BPM6) V.4,552 289,2022,,
RM,OT,IMF,RM_IMF_2018,I,E,Final Report of the Task Force on Special Purpose Entities,95 717,2018,,
PR,CB,BuBa,PR_BuBa_2024,N,D,Die deutsche Zahlungsbilanz für das Jahr 2023,87 791,2024,,
,,,,,,,,,,
,,,,,,,,,,
,,,,,,,,,,
,,,,,,,,,,
,,,,,,,,,,
,,,,,,,,,,
,,,,,,,,,,
,,,,,,,,,,
,,,,,,,,,,
,,,,,,,,,,
,,,,,,,,,,
,,,,,,,,,,
,,,,,,,,,,
,,,,,,,,,,
,,,,,,,,,,
,,,,,,,,,,
,,,,,,,,,,
,,,,,,,,,,
,,,,,,,,,,
,,,,,,,,,,
,,,,,,,,,,
,,,,,,,,,,
,,,,,,,,,,
,,,,,,,,,,
,,,,,,,,,,
,,,,,,,,,,
,,,,,,,,,,
,,,,,,,,,,
,,,,,,,,,,
,,,,,,,,,,
,,,,,,,,,,
,,,,,,,,,,
,,,,,,,,,,
,,,,,,,,,,
,,,,,,,,,,
,,,,,,,,,,
,,,,,,,,,,
,,,,,,,,,,
